id_estudiante,primer_nombre,segundo_nombre,primer_apellido,segundo_apellido,tipo_documento,numero_documento,correo_electronico,telefono,direccion,fecha_nacimiento,promedio_academico,historial_notas,materias_perdidas,semestre_cursado,creditos_matriculados,creditos_aprobados,asistencia_clases,rendimiento_periodo,estado_pagos,mora_matricula,becas_apoyos,estrato,ingresos_familiares,num_dependientes,situacion_laboral,horas_trabajo_semanales,lugar_residencia,tipo_vivienda,edad,genero,programa_academico,ciudad_origen,estado_estudiante,atenciones_psicologicas,seguimientos_realizados,casos_riesgo,participacion_institucional,evaluacion_docente
EST-0001,Juan,,Duarte,Reyes,CC,7382466596,juan.duarte73@email.com,315 401 42 98,"Diagonal 114 # 1-8 Sur, 208511, La Paz, Cesar",2005-01-30,4.02,3.94;4.35;4.13;4.15;3.89;4.05;4.04;3.86;3.81,2,9,19,13,84,-0.05,Pago parcial,False,Sí,5,2687000.0,1,No trabaja,0,Ciudad cercana,Arrendada,17,Masculino,Ingeniería de Sistemas,Huánuco,Activo,1,0,True,1,3.6
EST-0002,Orlando,,Vargas,Ochoa,CC,9087265262,orlando.vargas29@email.com,57 609 344 50 03,"Av. La Guajira # 4-14 Este, 474220, Algarrobo, Magdalena",1999-06-20,3.76,3.76,4,1,13,0,58,0.0,Al día,True,No,3,1803000.0,5,Medio tiempo,19,Misma ciudad,Familiar,20,Femenino,Ingeniería de Sistemas,Bagua,Desertor,1,4,True,0,3.9
EST-0003,Leidy,David,Gutiérrez,Hernández,CC,7396914846,leidy.gutiérrez94@email.com,(+57)3058221098,"Cr. 191B # 48-3 Sur, 669102, Balboa, Risaralda",2008-04-09,3.94,4.19;4.01;4.16;4.04;3.99;3.89;4.11;3.68;3.36,2,9,20,15,86,-0.32,Al día,False,Sí,3,1879000.0,6,Tiempo completo,46,Ciudad lejana,Propia,23,Masculino,Ingeniería de Sistemas,Iquitos,Activo,0,0,False,3,4.3
EST-0004,Liliana,,Arévalo,Reyes,CC,2704143377,liliana.arévalo94@email.com,+573137394494,"Diagonal 55C # 5-1 Sur, 230036, San Carlos, Córdoba",1996-03-31,2.78,2.83;2.73,7,2,15,0,68,-0.1,Pago parcial,False,No,4,1083000.0,3,No trabaja,0,Ciudad cercana,Familiar,26,Femenino,Ingeniería de Sistemas,Lima,Desertor,0,3,True,1,3.5
EST-0005,Joel,Esperanza,Rivera,,CC,7717220856,joel.rivera34@email.com,573133738128,"Cl. 1T # 1-67 Este, 686722, Puerto Parra, Santander",2000-04-10,2.82,2.82,7,1,14,0,72,0.0,En mora,True,Sí,2,539000.0,5,Tiempo completo,40,Misma ciudad,Familiar,32,Femenino,Ingeniería de Sistemas,Lima,Desertor,3,3,False,0,3.7
EST-0006,Juan,,Castro,Mejía,CC,6345330589,juan.castro54@email.com,+573188088422,"Calle 118I Este # 6-89 Este, 276937, Medio Baudó, Chocó",2000-09-23,3.61,3.82;3.87;3.74;3.73;3.50;3.52;3.53;3.57;3.34;3.43,3,10,21,10,65,0.09,Al día,False,No,2,2143000.0,1,Tiempo completo,44,Misma ciudad,Propia,25,Femenino,Ingeniería de Sistemas,Lima,Activo,0,0,False,2,4.1
EST-0007,Antonio,Jhon,Barrios,Arrieta,CC,6980755299,antonio.barrios52@email.com,782 11 07,"Tr. 81 # 4-1 Sur, 501500, El Dorado, Meta",2004-07-15,2.89,2.71;2.90;3.07;2.86;2.89,7,5,18,0,64,0.03,En mora,False,No,3,1809000.0,3,No trabaja,0,Misma ciudad,Arrendada,28,Femenino,Ingeniería de Sistemas,Moquegua,Desertor,1,2,True,1,3.5
EST-0008,Johanna,,Vargas,Méndez,CC,8165335534,johanna.vargas48@email.com,57 606 730 34 24,"Cr. 5ª # 2-19, Oficina 9, 054837, Venecia, Antioquia",2001-07-30,4.17,4.17,1,1,15,12,70,0.0,Pago parcial,False,No,4,953000.0,2,Tiempo completo,37,Ciudad cercana,Arrendada,16,Masculino,Ingeniería de Sistemas,Lima,Activo,0,0,False,4,4.5
EST-0009,Sergio,,Montoya,Pulido,CC,4591112766,sergio.montoya76@email.com,(+57)3260226429,"Cl. 94 # 95-80, Local 1, 206182, La Gloria, Cesar",1999-12-09,4.06,4.01;4.10,1,2,18,13,75,0.09,Al día,False,No,4,1932000.0,1,Medio tiempo,26,Ciudad cercana,Familiar,22,Femenino,Ingeniería de Sistemas,Lima,Activo,1,2,False,0,5.0
EST-0010,Dagoberto,María,Guzmán,Castro,CC,5553945054,dagoberto.guzmán35@email.com,(+57) 316 983 22 20,"Av. calle 9ª # 56-76, Bodega 13, 154120, Pauna, Boyacá",2003-06-15,3.69,3.69,3,1,15,7,74,0.0,Pago parcial,False,No,2,954000.0,2,Medio tiempo,28,Ciudad cercana,Propia,16,Femenino,Ingeniería de Sistemas,Lima,Activo,0,2,True,1,4.8
EST-0011,Andrey,,Niño,,CC,1353306847,andrey.niño88@email.com,301 424 42 70,"Cr. 17 # 9C-13 Este, 546999, Cucutilla, Norte de Santander",2003-06-25,4.12,4.10;4.13;4.08;4.18,1,4,15,10,96,0.1,Al día,False,No,4,2536000.0,3,No trabaja,0,Misma ciudad,Familiar,22,Masculino,Ingeniería de Sistemas,Arequipa,Activo,1,0,False,1,4.7
EST-0012,William,,Palacios,Vásquez,CC,9216538326,william.palacios53@email.com,8058015,"Calle 44 # 9-8, 523870, Córdoba, Nariño",2002-11-19,4.33,4.39;4.26;4.29;4.48;4.45;4.09,1,6,21,19,88,-0.36,Al día,True,No,3,2477000.0,3,Tiempo completo,37,Misma ciudad,Arrendada,19,Femenino,Ingeniería de Sistemas,Lima,Activo,1,1,True,2,3.9
EST-0013,Marleny,Gladys,Rubio,Vargas,CC,2125505263,marleny.rubio33@email.com,(+57) 608 931 62 37,"Diagonal 43 # 7-37 Sur, Bodega 74, 993494, Santa Rosalía, Vichada",2005-10-23,3.81,3.97;3.81;3.68;3.78;3.83,2,5,22,16,96,0.05,En mora,False,No,4,3492000.0,2,Medio tiempo,29,Misma ciudad,Propia,21,Masculino,Ingeniería de Sistemas,Lima,Activo,0,0,False,3,3.3
EST-0014,José,María,Ramos,,CC,1370605723,josé.ramos65@email.com,930 90 06,"Calle 150P Bis J # 5-7, Bodega 72, 638951, Salento, Quindío",2001-09-04,3.53,3.54;3.51;3.53,5,3,14,0,54,0.02,En mora,True,No,2,2055000.0,5,Medio tiempo,10,Ciudad cercana,Propia,22,Femenino,Ingeniería de Sistemas,Lima,Desertor,1,1,False,1,4.0
EST-0015,Jhon,Stella,López,,CC,8317751018,jhon.lópez41@email.com,+57 604 372 47 23,"Carrera 119 Bis # 13-3, 208374, Aguachica, Cesar",2004-02-01,4.75,4.81;4.94;4.69;4.72;4.57,0,5,17,17,89,-0.15,Al día,False,No,3,5269000.0,2,Medio tiempo,17,Ciudad cercana,Arrendada,19,Femenino,Ingeniería de Sistemas,Lima,Activo,1,1,True,0,4.3
EST-0016,Rosa,Lucila,Monroy,Rentería,CC,6014264046,rosa.monroy47@email.com,018005494999,"Cr. 6ª # 9M-76 Sur, 199882, Timbío, Cauca",2000-02-25,3.64,3.86;3.70;3.56;3.62;3.45,5,5,12,0,45,-0.17,Pago parcial,True,No,2,1013000.0,5,Tiempo completo,40,Ciudad lejana,Arrendada,22,Masculino,Ingeniería de Sistemas,Andahuaylas,Desertor,0,0,True,0,3.9
EST-0017,Fernando,,Espinosa,Rodríguez,CC,6953330355,fernando.espinosa67@email.com,3059774984,"Cl. 132 # 33I-60 Sur, Bodega 93, 520954, Francisco Pizarro, Nariño",2001-01-03,4.18,4.54;4.25;4.08;3.81;4.13;4.52;4.17;3.98,1,8,17,12,82,-0.19,Al día,False,No,3,1354000.0,3,No trabaja,0,Misma ciudad,Familiar,17,Masculino,Ingeniería de Sistemas,Puerto Maldonado,Activo,1,1,False,0,3.9
EST-0018,Miguel,,Reyes,,CC,1473338499,miguel.reyes36@email.com,01 8003 386 708,"Av. carrera 176 # 10-7 Sur, Oficina 31, 235460, Buenavista, Córdoba",2007-04-26,3.94,4.09;3.98;3.97;3.72;3.91;3.97,1,6,17,16,83,0.06,Al día,True,No,1,1733000.0,2,No trabaja,0,Ciudad cercana,Propia,18,Femenino,Ingeniería de Sistemas,Moyobamba,Activo,0,0,False,1,4.5
EST-0019,Horacio,Jesús,Peña,,CC,8017489017,horacio.peña88@email.com,300 502 79 09,"Calle 9ª # 5-2 Este, Etapa 4 apartamento 56, 209106, Becerril, Cesar",2003-12-24,3.92,4.09;3.84;3.81;3.95,2,4,16,12,81,0.14,Al día,False,Sí,4,947000.0,2,Medio tiempo,12,Misma ciudad,Familiar,21,Femenino,Ingeniería de Sistemas,Trujillo,Activo,1,0,False,2,4.2
EST-0020,Isabel,,Parra,Buitrago,CC,8947158236,isabel.parra44@email.com,+57 313 169 38 26,"Tr. 8ª # 61-4, 155562, Nobsa, Boyacá",1999-01-20,3.63,3.63,2,1,19,14,77,0.0,Al día,False,No,6,2486000.0,4,Medio tiempo,19,Misma ciudad,Arrendada,20,Masculino,Ingeniería de Sistemas,Cusco,Activo,0,2,True,0,3.4
EST-0021,Raúl,Margarita,Gamboa,,CC,9870559351,raúl.gamboa49@email.com,573003135226,"Carrera 44 # 13R-1 Sur, 544759, Pamplonita, Norte de Santander",2004-07-03,3.29,3.29,6,1,13,0,63,0.0,En mora,True,Sí,1,851000.0,7,Medio tiempo,27,Ciudad lejana,Arrendada,28,Femenino,Ingeniería de Sistemas,Barranca,Desertor,0,4,True,1,2.9
EST-0022,Diana,,Molina,Rodríguez,CC,2098703791,diana.molina93@email.com,3240929306,"Calle 80 # 1S-64 Este, Etapa 1 apartamento 380, 707501, Sucre, Sucre",2006-01-07,3.8,3.80,2,1,17,10,88,0.0,Al día,False,No,3,1669000.0,3,No trabaja,0,Misma ciudad,Arrendada,19,Femenino,Ingeniería de Sistemas,Lima,Activo,1,0,False,0,4.5
EST-0023,Francisco,,Zambrano,Salazar,CC,7483009399,francisco.zambrano62@email.com,(+57)3295655645,"Cl. 87X # 40O-29 Sur, 089989, Palmar de Varela, Atlántico",2003-02-10,3.72,3.93;3.81;3.72;3.64;3.64;3.71;3.72;3.63,2,8,22,16,92,-0.09,Al día,False,Sí,3,604000.0,1,No trabaja,0,Ciudad cercana,Arrendada,19,Femenino,Ingeniería de Sistemas,Juliaca,Activo,0,1,False,4,3.9
EST-0024,Paula,,Salazar,,CC,5507741772,paula.salazar8@email.com,3779432,"Av. carrera 9ª # 5-4 Este, 251966, Cáqueza, Cundinamarca",1998-06-29,3.39,3.39,5,1,11,0,68,0.0,Pago parcial,False,No,3,1057000.0,2,Medio tiempo,23,Ciudad cercana,Familiar,17,Masculino,Ingeniería de Sistemas,Pucallpa,Desertor,1,0,True,0,3.8
EST-0025,Patricia,,Álvarez,,CC,6856165576,patricia.álvarez5@email.com,(+57)3020069369,"Cl. 30 # 2J-8, Bodega 48, 207738, Río de Oro, Cesar",2003-04-14,3.9,3.84;4.21;4.14;3.87;3.91;3.45,1,6,18,13,74,-0.46,Al día,False,Sí,3,2320000.0,6,Medio tiempo,17,Misma ciudad,Propia,22,Femenino,Ingeniería de Sistemas,Tumbes,Activo,0,0,False,3,3.6
EST-0026,Adriana,,Uribe,Jaimes,CC,9409260276,adriana.uribe88@email.com,3180660692,"Diagonal 86R # 9-6 Sur, Apto. 3, 198494, Timbiquí, Cauca",1995-08-14,3.92,3.92,3,1,14,5,53,0.0,Al día,True,No,5,1231000.0,3,No trabaja,0,Ciudad lejana,Arrendada,26,Masculino,Ingeniería de Sistemas,Lima,Desertor,2,1,True,0,3.7
EST-0027,Jorge,,López,Jaramillo,CC,4315708752,jorge.lópez65@email.com,+57 314 749 03 50,"Calle 18B # 47-83 Este, Etapa 4 apartamento 54, 253799, Funza, Cundinamarca",2000-11-09,4.3,4.30;4.30,0,2,16,16,93,0.0,Al día,False,No,3,970000.0,1,No trabaja,0,Ciudad cercana,Arrendada,17,Masculino,Ingeniería de Sistemas,Tacna,Activo,0,0,False,3,3.8
EST-0028,Ernesto,Lucy,Martínez,Ramírez,CC,6508352766,ernesto.martínez6@email.com,573111205940,"Dg. 32 # 26-1 Sur, 152246, San Pablo de Borbur, Boyacá",2000-10-17,3.41,3.54;3.33;3.56;3.22,3,4,19,10,89,-0.34,Al día,False,Sí,6,3901000.0,8,Medio tiempo,14,Misma ciudad,Arrendada,20,Femenino,Ingeniería de Sistemas,Lima,Activo,0,0,False,0,4.1
EST-0029,Andrés,,Saavedra,Fuentes,CC,8483204220,andrés.saavedra74@email.com,573239433269,"Avenida carrera 34 # 2-58, 418804, Villavieja, Huila",2002-04-13,4.0,4.01;4.15;3.85,2,3,16,12,72,-0.3,Al día,False,No,6,1085000.0,4,No trabaja,0,Misma ciudad,Arrendada,24,Masculino,Ingeniería de Sistemas,Jaén,Activo,0,1,False,1,4.0
EST-0030,Luis,,Arroyo,Velásquez,CC,7130222174,luis.arroyo51@email.com,324 041 80 92,"Cl. 39 # 35-54 Este, Local 64, 082187, Tubará, Atlántico",1997-05-17,3.93,3.98;4.24;3.91;3.93;3.91;3.73;3.84,1,7,19,17,75,0.11,Al día,True,No,3,3003000.0,5,Medio tiempo,16,Ciudad lejana,Familiar,24,Femenino,Ingeniería de Sistemas,Puno,Activo,0,1,False,2,4.4
EST-0031,Enrique,,Ruiz,Ocampo,CC,6983375142,enrique.ruiz76@email.com,3009449301,"Cl. 3ª # 13Q-55 Sur, 050300, Marinilla, Antioquia",2004-01-12,4.29,4.87;4.37;4.09;4.29;4.24;4.20;4.02;4.22,1,8,17,15,92,0.2,Al día,False,No,1,861000.0,1,No trabaja,0,Ciudad cercana,Arrendada,22,Femenino,Ingeniería de Sistemas,Lima,Activo,0,0,False,2,4.7
EST-0032,Arnulfo,Martha,Gutiérrez,González,CC,2594362438,arnulfo.gutiérrez38@email.com,57 305 335 15 54,"Calle 144I # 9-9 Este, 256747, Villagómez, Cundinamarca",2008-04-27,3.33,3.50;3.48;3.54;3.14;3.38;3.24;3.53;3.18;3.40;2.94,6,10,19,0,67,-0.46,Al día,True,Sí,3,802000.0,3,Medio tiempo,27,Ciudad lejana,Propia,30,Masculino,Ingeniería de Sistemas,Lima,Desertor,4,3,True,0,3.2
EST-0033,Camilo,Alfonso,Muñoz,Cardona,CC,7180668045,camilo.muñoz2@email.com,57 302 809 02 64,"Diagonal 77E Bis # 5-89 Sur, Casa 4, 472597, Aracataca, Magdalena",1999-07-18,3.72,3.65;3.85;3.67,2,3,17,11,68,-0.18,Pago parcial,False,No,3,1467000.0,1,Medio tiempo,17,Ciudad cercana,Propia,21,Masculino,Ingeniería de Sistemas,Lima,Activo,0,1,False,3,4.1
EST-0034,Marina,Elkin,Toro,,CC,9350121372,marina.toro27@email.com,6016753263,"Cr. 49 # 55-92 Sur, 053952, Retiro, Antioquia",2004-08-09,3.98,4.07;3.71;4.16,2,3,16,12,93,0.45,Al día,False,Sí,5,4475000.0,4,No trabaja,0,Ciudad lejana,Propia,21,Femenino,Ingeniería de Sistemas,Lima,Activo,0,0,False,2,4.2
EST-0035,Fernando,Juliana,Giraldo,Luna,CC,1812203216,fernando.giraldo75@email.com,313 378 30 70,"Calle 194 # 75-7 Este, 154969, Susacón, Boyacá",2003-01-10,4.75,4.78;4.72,0,2,19,18,91,-0.06,Pago parcial,False,No,1,2600000.0,5,No trabaja,0,Misma ciudad,Familiar,18,Masculino,Ingeniería de Sistemas,Chimbote,Activo,1,2,False,1,3.9
EST-0036,Gustavo,,Vargas,,CC,3517538416,gustavo.vargas34@email.com,+573228140383,"Calle 3 Sur # 7-19 Sur, 157973, Busbanzá, Boyacá",2000-01-23,3.61,3.78;3.72;3.86;3.92;3.57;3.53;3.59;3.46;3.59;3.06,2,10,19,11,75,-0.53,Al día,False,No,4,842000.0,4,No trabaja,0,Misma ciudad,Propia,17,Masculino,Ingeniería de Sistemas,Lima,Activo,0,0,False,3,3.6
EST-0037,Laura,,Medina,Salamanca,TI,9237394570,laura.medina22@email.com,(+57) 309 225 93 47,"Carrera 35 # 85-94 Este, Casa 8, 858000, Pore, Casanare",2007-08-07,3.48,3.61;3.35,5,2,14,0,75,-0.26,Al día,True,No,1,777000.0,6,Medio tiempo,19,Misma ciudad,Arrendada,30,Masculino,Ingeniería de Sistemas,Moquegua,Desertor,3,3,True,1,3.6
EST-0038,Juan,Esperanza,Torres,,CC,8939638636,juan.torres56@email.com,3199805905,"Cl. 6ª # 9-33 Sur, 053228, Vegachí, Antioquia",2007-02-25,3.62,3.81;3.64;3.72;3.57;3.63;3.32,3,6,19,9,69,-0.31,Al día,False,Sí,5,1540000.0,4,No trabaja,0,Misma ciudad,Propia,22,Femenino,Ingeniería de Sistemas,Ica,Activo,0,0,False,2,3.8
EST-0039,Elsa,,Parra,Mendoza,TI,5722217745,elsa.parra53@email.com,(+57)3164116095,"Cr. 64 # 3-4 Este, Oficina 13, 052688, San Pedro de los Milagros, Antioquia",2008-05-17,3.28,3.24;3.33,6,2,9,0,50,0.09,Al día,True,No,4,1455000.0,7,Tiempo completo,35,Ciudad lejana,Propia,23,Masculino,Ingeniería de Sistemas,Huaraz,Desertor,0,5,True,1,3.7
EST-0040,Jairo,,Galvis,Salazar,CC,8605828690,jairo.galvis2@email.com,01 8000 683 067,"Carrera 9ª # 5-6 Este, 705311, Morroa, Sucre",2006-07-08,4.3,4.48;4.50;4.17;4.12;4.31;4.20,1,6,19,14,87,-0.11,Al día,False,No,3,4231000.0,5,Tiempo completo,33,Misma ciudad,Propia,24,Masculino,Ingeniería de Sistemas,Piura,Activo,0,0,False,3,3.7
EST-0041,Melissa,,Palacios,Ruiz,CC,7282878288,melissa.palacios39@email.com,573243535760,"Avenida Tarazá # 9-7, Local 31, 152298, Betéitiva, Boyacá",2002-04-11,3.93,4.00;3.86,2,2,19,15,75,-0.14,Al día,False,No,1,1266000.0,3,No trabaja,0,Misma ciudad,Propia,28,Femenino,Ingeniería de Sistemas,Arequipa,Activo,0,0,False,2,4.8
EST-0042,Julián,,Cardona,Moreno,CC,2969931746,julián.cardona73@email.com,3068730012,"Cl. 18 # 8-6, 089782, Piojó, Atlántico",2001-09-16,3.87,4.17;4.25;4.01;3.82;3.70;3.78;3.68;3.53,3,8,24,13,76,-0.15,Al día,True,No,4,1269000.0,2,Medio tiempo,19,Misma ciudad,Familiar,21,Femenino,Ingeniería de Sistemas,Nazca,Activo,0,1,False,5,3.9
EST-0043,Carlos,,Pérez,Bermúdez,CC,3772675494,carlos.pérez31@email.com,6067550357,"Carrera 175X # 11-13 Sur, 086978, Santo Tomás, Atlántico",2003-06-15,4.26,4.26;4.33;4.19,1,3,19,15,88,-0.14,Al día,False,No,1,1800000.0,3,Tiempo completo,31,Misma ciudad,Propia,20,Femenino,Ingeniería de Sistemas,Lima,Activo,0,0,False,1,4.5
EST-0044,Luz,,Castañeda,Cardona,CC,2802602598,luz.castañeda56@email.com,+573288526148,"Av. Meta # 14-95 Sur, Casa 2, 527801, San Bernardo, Nariño",2008-04-27,3.97,3.94;3.78;4.18,2,3,20,12,99,0.4,Al día,False,No,2,946000.0,3,Tiempo completo,30,Misma ciudad,Arrendada,18,Femenino,Ingeniería de Sistemas,Lima,Activo,0,0,False,1,4.1
EST-0045,Elizabeth,Gladys,Murcia,Herrera,TI,3009897111,elizabeth.murcia52@email.com,+576015432516,"Cr. 130V # 25-2 Sur, Apto. 30, 139509, Altos del Rosario, Bolívar",2007-12-04,3.4,3.40,5,1,14,1,52,0.0,En mora,True,No,1,1579000.0,3,No trabaja,0,Misma ciudad,Propia,25,Femenino,Ingeniería de Sistemas,Lima,Desertor,3,1,True,0,3.7
EST-0046,Giovanni,Luisa,Patiño,,CC,6017692766,giovanni.patiño79@email.com,784 87 41,"Av. calle 31 # 8K-2, Apto. 6, 689824, Encino, Santander",2003-04-24,4.25,4.25,1,1,17,14,85,0.0,Al día,False,No,4,3300000.0,4,Tiempo completo,50,Misma ciudad,Arrendada,20,Masculino,Ingeniería de Sistemas,Lima,Activo,0,0,False,2,3.4
EST-0047,Andrés,Victoria,Rodríguez,,CC,2110033541,andrés.rodríguez39@email.com,573049054372,"Cr. 88 # 9-85, Casa 8, 528277, Barbacoas, Nariño",2005-02-25,3.54,3.65;3.51;3.39;3.60,3,4,14,7,84,0.21,Al día,False,No,5,2011000.0,5,Tiempo completo,46,Ciudad cercana,Arrendada,23,Femenino,Ingeniería de Sistemas,Lima,Activo,0,2,False,2,3.9
EST-0048,Luisa,,Correa,Romero,CC,5236635337,luisa.correa71@email.com,+573266899512,"Carrera 78 # 11-24, 152107, Tununguá, Boyacá",2001-08-14,4.2,4.47;4.27;4.09;4.01;4.17,1,5,21,19,84,0.16,En mora,False,No,2,2748000.0,2,No trabaja,0,Misma ciudad,Propia,16,Femenino,Ingeniería de Sistemas,Lima,Activo,0,1,False,0,3.0
EST-0049,Claudia,,García,Molina,CC,6071280455,claudia.garcía6@email.com,+573149825790,"Carrera 132C # 7-2, Casa 9, 081023, Galapa, Atlántico",2000-10-06,3.66,3.94;3.82;3.72;3.79;3.63;3.56;3.65;3.49;3.54;3.50,2,10,20,14,99,-0.04,Al día,False,Sí,2,1055000.0,5,No trabaja,0,Misma ciudad,Arrendada,23,Femenino,Ingeniería de Sistemas,Lima,Activo,0,0,False,5,4.1
EST-0050,Carlos,Diana,Saavedra,Zapata,CC,6418995573,carlos.saavedra6@email.com,3178518886,"Diagonal 29J Bis Z # 73-4 Este, 680782, Jesús María, Santander",2003-01-24,3.8,3.92;3.73;3.72;3.95;3.90;3.83;3.98;3.34,2,8,23,17,81,-0.64,En mora,False,Sí,2,2061000.0,2,No trabaja,0,Ciudad lejana,Arrendada,16,Femenino,Ingeniería de Sistemas,Cusco,Activo,1,0,False,1,4.5
EST-0051,Luz,Camilo,Ibarra,Muñoz,CC,7912964682,luz.ibarra36@email.com,+57 316 433 87 13,"Cl. 181 # 95-30, 235022, Montelíbano, Córdoba",2001-05-18,3.67,3.68;3.90;3.91;3.53;3.82;3.49;3.69;3.37,3,8,21,10,100,-0.32,Al día,False,Sí,2,2265000.0,4,No trabaja,0,Misma ciudad,Propia,22,Masculino,Ingeniería de Sistemas,Barranca,Activo,0,0,False,1,3.9
EST-0052,Esther,Nelson,Mosquera,Patiño,CC,6072604884,esther.mosquera39@email.com,57 603 897 79 36,"Dg. 5ª # 85-10 Sur, Etapa 3 apartamento 332, 540781, Cáchira, Norte de Santander",2003-04-09,3.72,3.93;3.68;3.61;3.77;3.59,2,5,19,12,89,-0.18,Al día,False,Sí,4,819000.0,1,Medio tiempo,25,Ciudad lejana,Propia,16,Masculino,Ingeniería de Sistemas,Cajamarca,Activo,0,0,False,5,4.8
EST-0053,Mariana,Elena,Mosquera,,CC,4853234176,mariana.mosquera1@email.com,(+57) 323 437 43 62,"Cr. 3O # 1-6 Sur, Apartamento 93, 730972, Fresno, Tolima",2001-09-07,4.02,4.05;3.93;4.09,1,3,16,11,93,0.16,Al día,False,Sí,4,1163000.0,4,Tiempo completo,30,Misma ciudad,Arrendada,20,Masculino,Ingeniería de Sistemas,Juliaca,Activo,0,0,False,1,4.3
EST-0054,Luisa,Steven,Galvis,,CC,4856773773,luisa.galvis55@email.com,57 604 143 89 19,"Avenida carrera 1ª # 6-71 Sur, Torre 5 apartamento 45, 051603, Gómez Plata, Antioquia",2006-06-14,3.8,3.79;3.82,2,2,15,7,86,0.03,En mora,False,Sí,1,1498000.0,3,Tiempo completo,36,Ciudad cercana,Propia,23,Masculino,Ingeniería de Sistemas,Pucallpa,Activo,0,2,False,2,3.8
EST-0055,Carlos,Enrique,Barragán,,CC,2251942007,carlos.barragán64@email.com,(+57) 306 147 43 69,"Cr. 57 # 7-91 Sur, 050451, Ebéjico, Antioquia",2004-02-17,3.32,3.41;3.33;3.30;3.26,4,4,20,10,74,-0.04,Al día,False,Sí,6,1572000.0,4,Medio tiempo,10,Ciudad lejana,Propia,25,Femenino,Ingeniería de Sistemas,Tumbes,Activo,1,3,False,1,3.6
EST-0056,Juan,Jorge,Perea,Hoyos,CC,2116761429,juan.perea73@email.com,(+57)6086750609,"Carrera 196 # 99-72, Torre 9 apartamento 92, 479324, Chivolo, Magdalena",2003-01-02,3.37,3.72;3.81;3.51;3.15;3.22;3.30;3.29;3.26;3.28;3.18,4,10,20,8,90,-0.1,Al día,False,No,3,3670000.0,4,Tiempo completo,33,Ciudad cercana,Propia,25,Masculino,Ingeniería de Sistemas,Lima,Activo,0,0,False,2,3.2
EST-0057,Magnolia,,Garzón,,CC,7605352521,magnolia.garzón44@email.com,(+57)3218987638,"Cr. 157 # 3-82 Sur, 058737, Yondó, Antioquia",1997-11-07,3.58,3.63;3.54,6,2,13,0,86,-0.09,En mora,True,No,1,3007000.0,1,Tiempo completo,40,Ciudad lejana,Familiar,21,Masculino,Ingeniería de Sistemas,Tacna,Desertor,2,3,True,0,3.1
EST-0058,Saúl,,Arias,,CC,1056115798,saúl.arias17@email.com,+57 329 476 24 30,"Cr. 149U # 93N-2 Sur, 441887, El Molino, La Guajira",2003-06-30,2.96,3.13;2.91;2.90;3.03;3.00;2.77,7,6,18,0,55,-0.23,En mora,True,No,2,1441000.0,6,No trabaja,0,Ciudad cercana,Arrendada,24,Masculino,Ingeniería de Sistemas,Lima,Desertor,3,3,True,2,3.7
EST-0059,Andrés,Jaime,Sánchez,,CC,9345512125,andrés.sánchez67@email.com,6053923507,"Cr. 61 # 40-62 Este, Casa 39, 760805, Alcalá, Valle del Cauca",2002-07-18,4.22,4.13;4.31;4.18;4.28,1,4,18,17,100,0.1,Al día,False,No,2,2367000.0,4,No trabaja,0,Ciudad cercana,Familiar,18,Femenino,Ingeniería de Sistemas,Lima,Activo,2,0,False,1,3.8
EST-0060,Diana,,Silva,López,CC,3003112722,diana.silva36@email.com,3002345102,"Cr. 179 # 3-10 Sur, Oficina 58, 687108, Guadalupe, Santander",2002-12-25,3.57,3.59;3.59;3.53,5,3,17,4,68,-0.06,Al día,True,No,2,1818000.0,3,Medio tiempo,21,Ciudad cercana,Familiar,16,Masculino,Ingeniería de Sistemas,Puno,Desertor,0,0,False,1,4.0
EST-0061,Hilda,Martín,Morales,Barrera,CC,7047067168,hilda.morales82@email.com,(+57)6099157575,"Cl. 65 # 30-3 Sur, 686002, Barbosa, Santander",2004-03-22,3.64,3.64;3.75;3.68;3.54;3.59,3,5,21,14,88,0.05,Pago parcial,False,No,4,777000.0,1,No trabaja,0,Misma ciudad,Arrendada,24,Femenino,Ingeniería de Sistemas,Lima,Activo,0,2,False,5,3.8
EST-0062,David,Lucía,Mosquera,Molina,CC,5809610788,david.mosquera57@email.com,301 898 77 61,"Cr. 35 # 94-42 Sur, 549659, Los Patios, Norte de Santander",1998-02-08,3.24,3.16;3.61;2.95,5,3,15,2,53,-0.66,Pago parcial,True,No,4,1343000.0,5,Medio tiempo,17,Misma ciudad,Familiar,16,Femenino,Ingeniería de Sistemas,Bagua,Desertor,0,2,True,0,3.4
EST-0063,Juan,,Díaz,,CC,3789029120,juan.díaz0@email.com,57 311 123 30 02,"Cl. 103 # 7-40 Este, Bodega 43, 474574, Sitionuevo, Magdalena",2008-04-07,4.34,4.34,2,1,16,12,89,0.0,Al día,True,No,4,1513000.0,2,No trabaja,0,Ciudad lejana,Arrendada,20,Femenino,Ingeniería de Sistemas,Iquitos,Activo,0,1,False,3,4.6
EST-0064,Wilmer,,Gamboa,,TI,6049865831,wilmer.gamboa39@email.com,(+57) 313 244 40 18,"Cl. 5ª # 7-98 Este, Bodega 74, 687767, Pinchote, Santander",2007-06-18,3.39,3.39,5,1,13,0,62,0.0,En mora,True,Sí,3,1525000.0,5,Tiempo completo,50,Ciudad lejana,Propia,23,Masculino,Ingeniería de Sistemas,Ayacucho,Desertor,2,3,True,0,3.7
EST-0065,Sindy,Maritza,Camargo,,TI,1239077413,sindy.camargo56@email.com,57 603 726 30 65,"Cr. 4ª # 98-7 Sur, Oficina 120, 059550, Anzá, Antioquia",2008-01-01,4.28,4.28,1,1,16,15,87,0.0,Al día,False,Sí,2,1168000.0,2,Medio tiempo,16,Ciudad cercana,Familiar,22,Femenino,Ingeniería de Sistemas,Lima,Activo,0,0,False,2,3.6
EST-0066,Brayan,Diana,Sánchez,González,TI,5935051790,brayan.sánchez66@email.com,57 313 162 01 80,"Transversal 28 # 54P-2, Apto. 3, 738099, Melgar, Tolima",2008-05-07,3.0,3.04;3.32;3.04;2.84;3.07;3.02;2.67,7,7,18,0,71,-0.35,Al día,True,No,4,741000.0,3,No trabaja,0,Ciudad lejana,Familiar,24,Femenino,Ingeniería de Sistemas,Chiclayo,Desertor,0,0,True,0,3.9
EST-0067,Mauricio,Emilce,Díaz,,CC,1088836976,mauricio.díaz43@email.com,3094746020,"Carrera 9ª # 5-7 Este, 851957, Yopal",2003-08-23,3.51,3.55;3.48,5,2,17,4,83,-0.07,En mora,True,Sí,3,1104000.0,5,No trabaja,0,Ciudad lejana,Arrendada,21,Femenino,Ingeniería de Sistemas,Moquegua,Desertor,3,1,True,1,3.2
EST-0068,Paola,,Ayala,Buitrago,CC,3829288906,paola.ayala46@email.com,+573207635888,"Carrera 153 Este # 2-6, Apto. 62, 687274, Páramo, Santander",2001-04-20,3.9,4.02;4.03;3.89;3.84;3.89;3.71,1,6,18,15,85,-0.18,Al día,False,No,6,2335000.0,2,No trabaja,0,Misma ciudad,Propia,17,Femenino,Ingeniería de Sistemas,Ica,Activo,1,0,False,6,3.8
EST-0069,José,Esther,Suárez,,CC,6425016059,josé.suárez89@email.com,+57 324 495 71 51,"Cr. 10 # 31-91 Este, Torre 2 apartamento 9, 153841, Pesca, Boyacá",2004-02-02,4.14,4.14,1,1,17,14,73,0.0,Al día,False,No,5,3115000.0,3,Medio tiempo,21,Ciudad lejana,Familiar,18,Masculino,Ingeniería de Sistemas,Huaraz,Activo,1,0,False,0,5.0
EST-0070,Yamile,Fabián,Pérez,,CC,4726907279,yamile.pérez33@email.com,018009173291,"Calle 162S # 98-2 Este, Oficina 258, 686299, Charta, Santander",2003-06-18,3.62,3.60;3.64,2,2,17,13,82,0.04,Al día,False,No,4,845000.0,3,No trabaja,0,Misma ciudad,Arrendada,21,Masculino,Ingeniería de Sistemas,Lima,Activo,0,0,True,5,4.9
EST-0071,Luis,,Parra,Muñoz,CC,5442609217,luis.parra76@email.com,(+57)6017576105,"Avenida calle 8ª # 2-2 Sur, Apto. 887, 155900, Tibasosa, Boyacá",2000-01-25,4.13,4.15;4.11,1,2,13,9,81,-0.04,Al día,False,No,4,1998000.0,4,Medio tiempo,19,Ciudad lejana,Propia,23,Masculino,Ingeniería de Sistemas,Arequipa,Activo,0,1,False,2,3.7
EST-0072,Patricia,Yineth,Moreno,,CC,1184276745,patricia.moreno91@email.com,+57 608 916 92 69,"Cl. 188I # 8-8 Este, 413746, Yaguará, Huila",1996-01-04,3.57,3.51;3.62;3.59,5,3,13,0,60,-0.03,En mora,False,No,1,1905000.0,2,Tiempo completo,41,Ciudad lejana,Arrendada,25,Masculino,Ingeniería de Sistemas,Nazca,Desertor,3,2,False,1,4.1
EST-0073,Marlén,Derly,Maldonado,Rodríguez,CC,8903721866,marlén.maldonado5@email.com,573264360985,"Av. calle 57 # 94-33 Este, Local 8, 252251, Soacha, Cundinamarca",2004-07-21,4.14,4.21;4.37;4.30;4.00;4.24;4.15;4.01;3.83,1,8,19,14,90,-0.18,Pago parcial,False,No,4,3475000.0,5,No trabaja,0,Ciudad cercana,Familiar,20,Masculino,Ingeniería de Sistemas,Sullana,Activo,0,1,False,4,3.9
EST-0074,Jhon,,Marín,Hurtado,CC,2491246547,jhon.marín15@email.com,603 841 89 43,"Cr. 118D # 5-17 Sur, Casa 63, 761532, Cartago, Valle del Cauca",1999-02-03,3.99,3.94;4.05;4.05;4.35;3.72;4.10;3.85;3.84,2,8,21,14,100,-0.01,Al día,False,No,1,991000.0,6,Tiempo completo,50,Ciudad cercana,Arrendada,21,Otro,Ingeniería de Sistemas,Huancayo,Activo,0,0,False,3,3.5
EST-0075,Jazmín,César,Delgado,Vallejo,CC,9722484444,jazmín.delgado36@email.com,(+57)3273786016,"Carrera 81 # 2-7 Sur, 520796, Ospina, Nariño",2003-07-24,4.19,4.24;4.28;4.08;4.26;4.36;4.08;4.01,0,7,19,19,69,-0.07,Al día,False,No,3,2935000.0,4,No trabaja,0,Misma ciudad,Arrendada,24,Femenino,Ingeniería de Sistemas,Abancay,Activo,0,1,False,0,3.8
EST-0076,Juan,,Herrera,,CC,2978779438,juan.herrera73@email.com,5289487,"Transversal 84S Sur # 1-2 Este, Bodega 3, 259482, Gachetá, Cundinamarca",2005-06-06,3.77,3.77,6,1,12,0,67,0.0,En mora,True,No,1,1423000.0,4,Medio tiempo,27,Ciudad lejana,Familiar,16,Otro,Ingeniería de Sistemas,Andahuaylas,Desertor,2,6,True,2,3.5
EST-0077,María,,Sierra,Vargas,CC,4880844109,maría.sierra5@email.com,573288982298,"Avenida calle 4ª # 9-99, 259195, Apulo, Cundinamarca",2004-09-16,4.14,4.14,1,1,16,15,71,0.0,Al día,True,No,2,1200000.0,1,No trabaja,0,Misma ciudad,Propia,17,Masculino,Ingeniería de Sistemas,Puerto Maldonado,Activo,0,2,False,2,4.0
EST-0078,Brayan,Walter,Rincón,Peña,CC,9075663984,brayan.rincón69@email.com,57 325 822 37 45,"Cr. 68K # 31-3 Sur, 886775, San Andrés",2006-08-18,3.6,3.65;3.56;3.60;3.67;3.52,4,5,18,4,70,-0.15,En mora,True,No,3,1405000.0,5,Medio tiempo,19,Ciudad cercana,Familiar,18,Femenino,Ingeniería de Sistemas,Moyobamba,Desertor,0,1,True,2,3.9
EST-0079,Luis,,Velásquez,Restrepo,CC,9668433177,luis.velásquez38@email.com,329 433 17 43,"Calle 3D # 8-3 Sur, Apto. 19, 058685, Tarazá, Antioquia",2005-09-24,4.18,4.54;4.41;4.36;4.30;4.01;4.23;3.87;3.90;4.17;4.05,2,10,20,12,73,-0.12,Al día,False,No,3,1557000.0,1,Medio tiempo,19,Ciudad cercana,Arrendada,25,Otro,Ingeniería de Sistemas,Lima,Activo,0,0,False,1,4.0
EST-0080,Luz,,Martínez,Maldonado,CC,9552074462,luz.martínez48@email.com,01 8002 915 829,"Cl. 6P # 4-87 Este, Casa 87, 506469, Cubarral, Meta",2005-07-25,3.85,4.04;4.15;3.88;3.93;3.68;3.85;3.73;3.57,2,8,20,13,100,-0.16,Al día,False,No,5,2806000.0,3,Medio tiempo,16,Misma ciudad,Familiar,26,Femenino,Ingeniería de Sistemas,Lima,Activo,0,0,True,3,4.8
EST-0081,Amanda,,Mosquera,,CC,1375884103,amanda.mosquera53@email.com,3062702245,"Carrera 142 # 2-1 Sur, Apto. 96, 523302, San Andrés de Tumaco, Nariño",2001-02-22,3.68,3.61;3.74,2,2,16,11,99,0.13,Al día,False,No,5,1240000.0,6,No trabaja,0,Ciudad cercana,Propia,16,Masculino,Ingeniería de Sistemas,Barranca,Activo,0,0,True,3,4.1
EST-0082,Ernesto,,García,González,CC,2578849890,ernesto.garcía61@email.com,+573115242472,"Diagonal 84 # 80-94 Sur, Apartamento 577, 412605, Neiva",1998-02-16,4.34,4.40;4.34;4.27,0,3,21,20,65,-0.07,Al día,False,No,2,2498000.0,2,Tiempo completo,49,Misma ciudad,Propia,19,Otro,Ingeniería de Sistemas,Lima,Activo,0,0,False,2,4.4
EST-0083,Inés,Felipe,Zambrano,,TI,2472511647,inés.zambrano97@email.com,(+57) 606 197 82 39,"Avenida carrera 134 # 3I-74 Este, Torre 6 apartamento 419, 732342, San Antonio, Tolima",2008-07-23,4.07,4.11;4.03,1,2,19,15,95,-0.08,En mora,False,No,3,2511000.0,2,Tiempo completo,31,Misma ciudad,Familiar,16,Masculino,Ingeniería de Sistemas,Juliaca,Activo,0,0,True,4,4.1
EST-0084,Ricardo,Paula,Gaitán,Rangel,CC,4340502882,ricardo.gaitán41@email.com,6038517608,"Calle 52 # 5-85 Sur, Oficina 2, 708481, Colosó, Sucre",2001-12-09,4.26,4.33;4.15;4.29,1,3,18,17,60,0.14,Al día,False,No,2,2240000.0,5,No trabaja,0,Ciudad cercana,Propia,24,Femenino,Ingeniería de Sistemas,Pucallpa,Activo,0,1,False,4,4.0
EST-0085,Mariana,Rafael,Sánchez,López,CC,9062982919,mariana.sánchez61@email.com,+57 302 741 79 03,"Avenida carrera 4ª # 8-98 Sur, 054823, Entrerríos, Antioquia",2006-08-14,3.58,3.59;3.56,2,2,15,11,76,-0.03,Pago parcial,False,Sí,5,1631000.0,1,Tiempo completo,45,Misma ciudad,Arrendada,22,Femenino,Ingeniería de Sistemas,Lima,Activo,0,0,False,1,4.9
EST-0086,Alcira,Angie,Pérez,Barbosa,CC,3131719230,alcira.pérez34@email.com,320 179 67 87,"Cl. 36 # 9-10 Sur, 541516, Herrán, Norte de Santander",2000-04-21,3.82,3.98;3.94;3.77;3.60;3.82,4,5,15,1,57,0.22,En mora,False,No,2,1786000.0,5,Tiempo completo,47,Ciudad cercana,Arrendada,16,Masculino,Ingeniería de Sistemas,Lima,Desertor,2,1,True,0,4.0
EST-0087,Esteban,Martha,Vargas,,CC,6527313454,esteban.vargas92@email.com,(+57) 310 687 78 74,"Av. calle 40 # 83-37 Este, Apto. 63, 203436, Río de Oro, Cesar",2004-05-09,4.06,4.17;3.86;4.14,1,3,19,18,85,0.28,Al día,True,No,3,2697000.0,5,Medio tiempo,24,Ciudad cercana,Familiar,21,Femenino,Ingeniería de Sistemas,Tacna,Activo,0,0,False,0,3.9
EST-0088,Pedro,Ángela,Bolívar,Muñoz,TI,5802613508,pedro.bolívar71@email.com,(+57)3163178253,"Calle 39R # 2A-9, Torre 4 apartamento 93, 154681, San Eduardo, Boyacá",2008-04-21,3.96,3.96;3.95,2,2,20,16,82,-0.01,Al día,False,No,3,1773000.0,2,No trabaja,0,Misma ciudad,Arrendada,18,Femenino,Ingeniería de Sistemas,Tarapoto,Activo,1,0,False,2,3.5
EST-0089,Nancy,Jair,Martínez,Paz,CC,5088393503,nancy.martínez3@email.com,3208324925,"Diagonal 105Z # 85-77, Oficina 378, 159349, Oicatá, Boyacá",1998-03-25,4.37,4.37,2,1,12,6,80,0.0,Pago parcial,True,No,1,1503000.0,1,Medio tiempo,18,Misma ciudad,Arrendada,23,Masculino,Ingeniería de Sistemas,Jaén,Desertor,0,0,True,1,3.7
EST-0090,Aurelio,,Uribe,,CC,6365871346,aurelio.uribe81@email.com,685 92 62,"Av. calle 2ª # 93W-5 Este, Etapa 8 apartamento 30, 680569, Charalá, Santander",2004-11-13,3.53,3.53,3,1,16,8,78,0.0,Al día,False,No,4,1904000.0,2,Tiempo completo,37,Ciudad cercana,Propia,19,Masculino,Ingeniería de Sistemas,Puno,Activo,1,0,True,2,4.4
EST-0091,Martín,,Cárdenas,Burbano,CC,2735791746,martín.cárdenas34@email.com,5657513,"Cr. 83 # 9B-74 Este, 475100, Santa Bárbara de Pinto, Magdalena",2004-08-28,3.86,4.08;3.73;3.77,2,3,17,13,78,0.04,Pago parcial,False,Sí,3,3809000.0,3,Tiempo completo,50,Misma ciudad,Propia,19,Masculino,Ingeniería de Sistemas,Lima,Activo,0,1,False,4,3.7
EST-0092,José,,Forero,Rodríguez,TI,4955182908,josé.forero9@email.com,3228414674,"Avenida Boyacá # 66I-79 Este, Bodega 665, 277951, El Cantón del San Pablo, Chocó",2007-01-01,3.32,3.32,2,1,14,6,85,0.0,Al día,True,Sí,2,2015000.0,1,No trabaja,0,Misma ciudad,Propia,19,Femenino,Ingeniería de Sistemas,Lima,Activo,0,1,False,1,5.0
EST-0093,Carlos,Sandra,Arango,Caballero,CC,2138844025,carlos.arango34@email.com,320 372 88 56,"Calle 37 # 13-8 Sur, 737798, Piedras, Tolima",2004-05-19,3.54,3.74;3.44;3.60;3.58;3.34,5,5,17,4,60,-0.24,En mora,False,No,4,1316000.0,4,Medio tiempo,20,Ciudad lejana,Familiar,16,Masculino,Ingeniería de Sistemas,Iquitos,Desertor,1,4,False,1,3.7
EST-0094,Fabián,María,Fernández,,CC,4422866432,fabián.fernández73@email.com,57 308 857 67 70,"Dg. 47U Bis # 49-83 Sur, 502376, Cumaral, Meta",1999-10-27,2.99,3.16;3.14;2.93;3.00;3.03;2.99;3.08;2.99;2.59,7,9,16,0,66,-0.4,Pago parcial,False,No,1,663000.0,5,Tiempo completo,50,Misma ciudad,Propia,21,Femenino,Ingeniería de Sistemas,Ayacucho,Desertor,2,3,True,0,4.1
EST-0095,Alberto,,Zapata,Ortiz,CC,2857964805,alberto.zapata19@email.com,57 302 330 44 68,"Cr. 120 # 5-6 Este, Local 8, 734283, Villarrica, Tolima",2002-03-27,2.8,2.93;2.67;3.00;3.04;2.64;2.75;2.55,7,7,18,0,65,-0.2,Al día,True,No,3,462000.0,5,Medio tiempo,21,Ciudad cercana,Arrendada,21,Femenino,Ingeniería de Sistemas,Lima,Desertor,1,0,True,4,3.6
EST-0096,Elizabeth,Pedro,Ortiz,Ruiz,CC,3407144259,elizabeth.ortiz83@email.com,01 8007 769 053,"Cl. 15 # 7-82 Este, 279231, Acandí, Chocó",2003-08-07,4.01,4.01,2,1,18,13,85,0.0,En mora,True,No,3,1340000.0,1,No trabaja,0,Misma ciudad,Familiar,22,Masculino,Ingeniería de Sistemas,Chiclayo,Activo,0,0,False,1,4.0
EST-0097,Andrea,,Guerra,,CC,1016741616,andrea.guerra48@email.com,3242547176,"Avenida carrera 25 # 8-7 Este, 765274, Trujillo, Valle del Cauca",2000-07-20,3.32,3.35;3.30,6,2,17,0,79,-0.05,En mora,True,No,3,1630000.0,5,Medio tiempo,29,Misma ciudad,Arrendada,25,Otro,Ingeniería de Sistemas,Moquegua,Desertor,2,2,True,2,4.2
EST-0098,Fernando,María,González,Garcés,CC,3281851275,fernando.gonzález86@email.com,(+57) 305 961 77 25,"Avenida calle 135 # 45D-1 Este, Torre 4 apartamento 8, 117299, Bogotá, D.C.",1996-07-28,3.54,3.52;3.57,5,2,17,4,63,0.05,Pago parcial,True,No,1,707000.0,3,No trabaja,0,Ciudad lejana,Arrendada,21,Masculino,Ingeniería de Sistemas,Ica,Desertor,1,2,True,1,3.5
EST-0099,Alexander,,Gaitán,Agudelo,CC,2686775406,alexander.gaitán62@email.com,(+57) 304 587 61 89,"Carrera 159 # 96-3, 051431, Dabeiba, Antioquia",2005-07-05,3.2,3.05;3.42;3.26;3.24;2.95;3.10;3.35,4,7,20,8,81,0.25,En mora,False,No,3,1288000.0,2,Medio tiempo,17,Ciudad lejana,Familiar,16,Masculino,Ingeniería de Sistemas,Huaraz,Activo,1,0,False,1,3.8
EST-0100,Luisa,,Salazar,Mosquera,TI,6846167226,luisa.salazar72@email.com,+576097260027,"Tr. 7X # 8-2 Este, 540211, Pamplonita, Norte de Santander",2007-08-18,3.14,3.40;3.44;3.02;3.11;2.99;2.97;3.07,3,7,21,12,82,0.1,Al día,False,Sí,1,1004000.0,1,Medio tiempo,14,Ciudad lejana,Arrendada,26,Masculino,Ingeniería de Sistemas,Lima,Activo,1,1,True,2,3.8
EST-0101,Javier,,Vargas,Marín,CC,1316089646,javier.vargas80@email.com,576035347957,"Cl. 3V Bis S # 51I-64 Este, 055348, Amagá, Antioquia",2000-07-28,3.47,3.89;3.23;3.55;3.37;3.62;3.35;3.46;3.44;3.58;3.22,3,10,18,9,97,-0.36,Al día,False,Sí,4,2456000.0,2,Medio tiempo,23,Ciudad lejana,Arrendada,17,Masculino,Ingeniería de Sistemas,Lima,Activo,0,0,False,1,3.8
EST-0102,Myriam,Camilo,Buitrago,Bonilla,CC,2651259008,myriam.buitrago11@email.com,+573024396099,"Cr. 22V # 71-75 Este, Apartamento 82, 634033, Pijao, Quindío",2003-11-12,3.69,3.83;3.55,3,2,19,12,69,-0.28,Al día,False,No,4,1519000.0,5,No trabaja,0,Misma ciudad,Propia,18,Femenino,Ingeniería de Sistemas,Lima,Activo,1,0,False,1,4.1
EST-0103,Claudia,Luz,Arias,Lozano,CC,9912992105,claudia.arias30@email.com,329 092 13 16,"Carrera 66B # 8-9, Local 40, 543854, La Esperanza, Norte de Santander",1997-05-30,3.44,3.44,5,1,15,0,68,0.0,Pago parcial,False,No,2,1635000.0,4,Medio tiempo,25,Ciudad lejana,Familiar,21,Femenino,Ingeniería de Sistemas,Sullana,Desertor,1,2,False,0,3.8
EST-0104,Marcela,,Valencia,,CC,2450449963,marcela.valencia92@email.com,773 01 28,"Cl. 5J # 5E-39, 544567, Villa Caro, Norte de Santander",2002-01-14,4.49,4.63;4.61;4.86;4.38;4.24;4.37;4.32,0,7,17,17,88,-0.05,Al día,False,No,5,1836000.0,3,Medio tiempo,21,Misma ciudad,Propia,18,Masculino,Ingeniería de Sistemas,Huancayo,Activo,0,0,False,0,3.8
EST-0105,Aldemar,Katerine,Arias,,CC,3831193025,aldemar.arias75@email.com,309 829 37 85,"Cr. 125 # 51-47 Sur, Apto. 65, 253096, Guayabetal, Cundinamarca",2001-11-02,3.66,3.76;3.69;3.76;3.43,5,4,19,6,70,-0.33,Pago parcial,False,No,2,1177000.0,2,Tiempo completo,40,Misma ciudad,Arrendada,16,Masculino,Ingeniería de Sistemas,Abancay,Desertor,2,0,False,0,3.7
EST-0106,William,,Arroyo,López,CC,2809739084,william.arroyo14@email.com,(+57) 307 026 06 99,"Transversal 190F # 8-36 Este, 155401, Briceño, Boyacá",2002-01-24,3.77,3.79;3.76;3.69;3.84,1,4,20,18,89,0.15,Al día,False,No,4,1888000.0,5,Tiempo completo,37,Ciudad lejana,Arrendada,19,Femenino,Ingeniería de Sistemas,Andahuaylas,Activo,0,0,True,2,4.1
EST-0107,Gilma,Milena,Hurtado,Camargo,CC,8946608289,gilma.hurtado54@email.com,+576071331103,"Carrera 29 # 48-34 Este, Local 51, 059976, Santa Fé de Antioquia, Antioquia",1998-07-02,4.19,4.59;4.49;4.07;4.37;4.26;3.91;4.09;4.10;4.08;3.98,1,10,24,19,97,-0.1,Al día,False,Sí,1,1482000.0,3,Medio tiempo,10,Misma ciudad,Arrendada,21,Masculino,Ingeniería de Sistemas,Lima,Activo,1,1,False,2,3.3
EST-0108,Alexander,Alejandro,Riascos,Duarte,CC,2219448047,alexander.riascos79@email.com,573009863480,"Transversal 28 Bis I # 3-1 Sur, 520322, Olaya Herrera, Nariño",1997-03-28,3.81,3.88;3.59;3.82;3.94,2,4,19,14,78,0.12,Al día,True,No,1,2267000.0,3,Medio tiempo,20,Misma ciudad,Arrendada,23,Masculino,Ingeniería de Sistemas,Moyobamba,Activo,0,0,False,2,4.3
EST-0109,Luis,,Ortega,,CC,6288862627,luis.ortega67@email.com,3100140736,"Av. carrera 7ª # 21-3 Este, 196219, El Tambo, Cauca",2003-05-13,3.77,3.91;3.51;4.02;3.78;3.61,2,5,16,10,97,-0.17,Al día,False,No,3,2275000.0,5,Tiempo completo,30,Ciudad cercana,Arrendada,22,Femenino,Ingeniería de Sistemas,Trujillo,Activo,1,0,False,1,3.8
EST-0110,Yaneth,,Carvajal,,CC,9530618216,yaneth.carvajal74@email.com,573050214204,"Cr. 73 # 4-60 Este, Apto. 9, 259325, Anolaima, Cundinamarca",2000-11-13,3.37,3.37,5,1,15,0,72,0.0,Pago parcial,False,No,3,347000.0,4,No trabaja,0,Ciudad lejana,Familiar,22,Masculino,Ingeniería de Sistemas,Cusco,Desertor,2,4,False,1,4.0
EST-0111,Julia,Lina,Santos,Monsalve,CC,7973213986,julia.santos86@email.com,327 652 81 77,"Cl. 41L # 4-7 Este, Casa 3, 151452, Tibaná, Boyacá",1997-02-04,3.62,3.59;3.94;3.32,5,3,17,4,56,-0.62,Al día,False,No,2,1592000.0,2,Tiempo completo,30,Ciudad lejana,Propia,28,Femenino,Ingeniería de Sistemas,Barranca,Desertor,2,2,False,0,3.9
EST-0112,Carlos,,Mora,,CC,3648791452,carlos.mora76@email.com,6034841020,"Avenida Santa Ana # 1-8 Este, 152432, Duitama, Boyacá",2005-09-05,4.35,4.44;4.25,0,2,17,17,99,-0.19,Al día,False,No,4,1978000.0,2,Medio tiempo,21,Misma ciudad,Propia,19,Femenino,Ingeniería de Sistemas,Lima,Activo,0,2,False,0,4.5
EST-0113,María,,Pacheco,,CC,3004790326,maría.pacheco43@email.com,+573138370590,"Transversal 5ª # 57-4, 236754, Canalete, Córdoba",2002-08-28,3.65,3.85;3.81;3.72;3.69;3.49;3.34,2,6,16,8,87,-0.15,Al día,False,No,2,782000.0,1,Tiempo completo,42,Ciudad cercana,Familiar,23,Masculino,Ingeniería de Sistemas,Juliaca,Activo,0,0,False,0,3.6
EST-0114,Johana,Óscar,Espinosa,,CC,2854973635,johana.espinosa45@email.com,576043969270,"Cr. 64 # 3G-2 Sur, Casa 83, 184779, San Vicente del Caguán, Caquetá",2003-11-05,3.65,3.42;3.63;3.94;3.62,3,4,15,5,84,-0.32,Al día,False,Sí,1,2779000.0,4,No trabaja,0,Misma ciudad,Familiar,19,Femenino,Ingeniería de Sistemas,Lima,Activo,0,1,False,2,3.8
EST-0115,Yadira,Mercedes,Hernández,,CC,3326289754,yadira.hernández3@email.com,405 95 52,"Cl. 5C # 28-53 Este, 528749, La Llanada, Nariño",2003-04-22,4.93,4.93,0,1,15,14,82,0.0,Al día,False,Sí,6,2355000.0,4,Tiempo completo,30,Misma ciudad,Propia,23,Femenino,Ingeniería de Sistemas,Lima,Activo,0,0,False,1,4.6
EST-0116,José,Rubén,Díaz,Salamanca,CC,5196667390,josé.díaz12@email.com,(+57) 323 476 40 51,"Carrera 6ª # 91-41, Casa 56, 058126, Guatapé, Antioquia",2006-06-21,3.91,3.91;4.14;3.85;4.16;3.78;3.99;3.72;3.76,1,8,18,15,95,0.04,Al día,False,No,4,2525000.0,4,Medio tiempo,24,Ciudad lejana,Propia,18,Masculino,Ingeniería de Sistemas,Lima,Activo,0,1,False,1,4.1
EST-0117,Vanessa,,Melo,Ortiz,TI,8324633361,vanessa.melo67@email.com,6084037860,"Cr. 2ª # 94-8 Sur, 528160, Imués, Nariño",2008-06-12,3.37,3.41;3.35;3.25;3.48,4,4,18,6,62,0.23,Al día,False,No,2,2415000.0,2,Tiempo completo,47,Ciudad cercana,Familiar,18,Femenino,Ingeniería de Sistemas,Lima,Activo,0,0,False,3,5.0
EST-0118,Marcela,,Herrera,,CC,9618604409,marcela.herrera61@email.com,+57 321 246 68 14,"Av. Rodríguez # 25-3 Sur, Apto. 937, 130966, María la Baja, Bolívar",2007-08-18,3.4,3.77;3.18;3.29;3.56;3.32;3.29,5,6,17,0,57,-0.03,En mora,False,No,4,538000.0,4,Tiempo completo,50,Ciudad lejana,Arrendada,22,Masculino,Ingeniería de Sistemas,Tarapoto,Desertor,1,1,True,1,3.4
EST-0119,Elías,Eliana,Torres,Arango,CC,6534826505,elías.torres80@email.com,3065531539,"Cl. 109M Sur # 8M-33, 275405, Tadó, Chocó",2006-09-26,3.53,3.64;3.56;3.40,3,3,16,8,74,-0.16,Al día,False,No,3,1842000.0,3,No trabaja,0,Ciudad cercana,Arrendada,24,Femenino,Ingeniería de Sistemas,Lima,Activo,0,0,True,3,4.5
EST-0120,Alberto,Marcela,Posada,Vargas,CC,2708795061,alberto.posada6@email.com,+576015765393,"Cl. 14 # 81-9, Local 7, 258251, La Mesa, Cundinamarca",2004-08-13,3.72,3.72,2,1,18,11,79,0.0,Al día,False,No,5,4186000.0,1,No trabaja,0,Misma ciudad,Familiar,22,Masculino,Ingeniería de Sistemas,Lima,Activo,0,2,False,1,4.3
EST-0121,Abraham,Aníbal,Rodríguez,,CC,9563974553,abraham.rodríguez64@email.com,+573193536998,"Dg. 130L Bis S # 86-2 Este, Local 25, 056658, Santa Bárbara, Antioquia",2004-04-08,4.38,4.45;4.32,1,2,13,10,85,-0.13,Al día,False,Sí,2,1826000.0,4,No trabaja,0,Misma ciudad,Propia,20,Masculino,Ingeniería de Sistemas,Huánuco,Activo,0,0,False,1,4.0
EST-0122,Camilo,Carlos,Marín,,CC,2170932243,camilo.marín0@email.com,3170798533,"Avenida carrera 77 # 5-5 Sur, Torre 3 apartamento 861, 521471, San Pablo, Nariño",1997-11-21,4.06,4.05;4.07;4.07,0,3,14,14,78,0.0,Pago parcial,False,Sí,3,2273000.0,3,Tiempo completo,50,Ciudad lejana,Familiar,20,Femenino,Ingeniería de Sistemas,Lima,Activo,4,0,False,3,4.3
EST-0123,Enrique,René,Rodríguez,,CC,3150570030,enrique.rodríguez75@email.com,(+57)3122690700,"Cr. 173 # 64F-8 Este, Casa 49, 198692, Jambaló, Cauca",2000-04-01,3.6,3.62;3.67;3.39;3.72,3,4,17,9,96,0.33,Al día,True,No,3,1306000.0,2,Tiempo completo,40,Ciudad cercana,Arrendada,16,Masculino,Ingeniería de Sistemas,Iquitos,Activo,0,0,True,1,4.3
EST-0124,Eva,Óscar,Moreno,Benavides,CC,7954606687,eva.moreno15@email.com,573096001487,"Carrera 40 # 8-88 Sur, 664305, La Celia, Risaralda",2006-05-28,3.63,3.63,3,1,18,9,95,0.0,Al día,False,Sí,2,4030000.0,4,Medio tiempo,23,Ciudad lejana,Propia,17,Masculino,Ingeniería de Sistemas,Lima,Activo,1,0,False,1,4.2
EST-0125,Jazmín,,Vergara,Correa,CC,1315420391,jazmín.vergara66@email.com,311 138 63 68,"Carrera 117 # 21-67 Sur, 687540, Curití, Santander",2000-03-02,3.96,3.96;4.17;3.75;3.81;4.13,3,5,17,8,67,0.32,Al día,True,Sí,1,530000.0,6,Medio tiempo,21,Ciudad cercana,Arrendada,16,Masculino,Ingeniería de Sistemas,Chimbote,Desertor,0,2,False,1,3.8
EST-0126,Julio,,Hoyos,Castro,CC,6752726489,julio.hoyos62@email.com,607 674 71 51,"Transversal 42 # 60-3 Este, Apartamento 5, 257921, Villagómez, Cundinamarca",2004-09-29,4.23,4.37;4.09,0,2,18,17,69,-0.28,Al día,False,Sí,4,2312000.0,5,Tiempo completo,39,Ciudad cercana,Arrendada,25,Masculino,Ingeniería de Sistemas,Chiclayo,Activo,0,0,False,2,4.3
EST-0127,Katherin,,Pacheco,Mercado,CC,5022743978,katherin.pacheco34@email.com,+57 602 105 10 88,"Carrera 95C # 22-4 Sur, Bodega 78, 506903, Puerto Rico, Meta",2004-02-22,3.77,3.77,2,1,15,7,78,0.0,Al día,False,Sí,4,6315000.0,4,Tiempo completo,33,Misma ciudad,Familiar,17,Masculino,Ingeniería de Sistemas,Moquegua,Activo,1,0,False,3,3.9
EST-0128,Adriana,Albert,Ballesteros,Parra,CC,5144873714,adriana.ballesteros46@email.com,3073946131,"Avenida Mendoza # 97-24 Sur, Apto. 9, 524327, Iles, Nariño",2003-02-12,4.18,4.22;4.13,1,2,15,14,76,-0.09,Al día,False,Sí,3,1051000.0,2,Medio tiempo,20,Misma ciudad,Arrendada,21,Masculino,Ingeniería de Sistemas,Lima,Activo,0,1,False,2,3.5
EST-0129,Sandra,,Cantillo,Benavides,CC,4256781220,sandra.cantillo81@email.com,+576087036828,"Avenida Burgos # 1-2, 414257, Altamira, Huila",2001-11-29,3.7,3.68;3.71,2,2,17,13,83,0.03,Al día,False,Sí,4,1818000.0,2,Tiempo completo,36,Misma ciudad,Propia,21,Masculino,Ingeniería de Sistemas,Lima,Activo,1,0,False,0,4.6
EST-0130,Enrique,Elisa,Hernández,,CC,4017567833,enrique.hernández31@email.com,3116556371,"Cl. 45 # 54-78 Este, 052237, Caramanta, Antioquia",2005-01-02,3.8,3.78;3.76;3.90;4.00;3.46;3.80;3.87,2,7,21,16,84,0.07,Al día,False,No,3,2118000.0,3,No trabaja,0,Misma ciudad,Propia,23,Masculino,Ingeniería de Sistemas,Piura,Activo,0,1,False,2,3.9
EST-0131,Estella,,Bautista,Acevedo,CC,1330834610,estella.bautista64@email.com,(+57) 321 204 79 91,"Cl. 26 # 61-10 Este, 152418, Floresta, Boyacá",1999-09-08,3.06,3.44;3.10;3.13;2.94;2.89;3.02;2.89,5,7,20,3,88,-0.13,Al día,False,Sí,2,1470000.0,1,Medio tiempo,14,Misma ciudad,Arrendada,24,Femenino,Ingeniería de Sistemas,Arequipa,Activo,0,0,False,3,4.6
EST-0132,Bayron,Juan,Martínez,González,CC,8261412541,bayron.martínez31@email.com,3208181999,"Cr. 79 # 17-90, Torre 1 apartamento 718, 545659, Mutiscua, Norte de Santander",2007-02-06,4.3,4.31;4.42;4.54;4.51;4.06;4.18;4.38;4.20;4.10,0,9,20,20,82,-0.1,Al día,False,Sí,4,1125000.0,4,No trabaja,0,Misma ciudad,Arrendada,16,Masculino,Ingeniería de Sistemas,Nazca,Activo,0,0,False,4,4.0
EST-0133,Henry,Alonso,Benítez,Angulo,CC,5447804331,henry.benítez48@email.com,(+57) 301 662 41 92,"Carrera 49 # 63-8 Este, Local 43, 687113, Rionegro, Santander",2002-12-10,3.98,3.92;4.05,3,2,13,3,88,0.13,Al día,False,Sí,3,697000.0,3,No trabaja,0,Misma ciudad,Propia,26,Masculino,Ingeniería de Sistemas,Sullana,Activo,1,0,False,2,4.3
EST-0134,Isabel,,Ortiz,,CC,7248959837,isabel.ortiz28@email.com,573110176738,"Calle 126L Bis F # 6-4, 276372, Nóvita, Chocó",1996-02-05,4.18,4.18,1,1,19,15,96,0.0,Al día,False,Sí,3,862000.0,7,Tiempo completo,38,Ciudad cercana,Arrendada,18,Masculino,Ingeniería de Sistemas,Huancayo,Activo,0,0,False,2,3.7
EST-0135,Laura,,Nieto,Córdoba,CC,2629816054,laura.nieto94@email.com,+573006355634,"Dg. 46Y # 7-8, 685696, Capitanejo, Santander",2003-07-10,4.32,4.53;4.59;4.19;4.20;4.30;4.22;4.22;4.29,0,8,22,22,85,0.07,Al día,False,No,1,1837000.0,3,Medio tiempo,24,Ciudad cercana,Propia,17,Femenino,Ingeniería de Sistemas,Abancay,Activo,0,0,False,1,3.7
EST-0136,Lilian,Luz,Martínez,,CC,1137440886,lilian.martínez45@email.com,576054434177,"Av. Constanza Luz Zapata # 67-95 Este, 209801, González, Cesar",1999-03-22,3.38,3.63;3.15;3.56;3.18,3,4,18,9,83,-0.38,Al día,False,Sí,2,2909000.0,6,No trabaja,0,Ciudad cercana,Familiar,24,Femenino,Ingeniería de Sistemas,Lima,Activo,0,1,False,3,4.2
EST-0137,Yenny,Janneth,Delgado,Ortiz,CC,8868118476,yenny.delgado8@email.com,310 083 45 66,"Calle 2B # 94C-14 Sur, Torre 6 apartamento 79, 059247, Entrerríos, Antioquia",2003-02-07,3.66,4.04;3.88;3.69;3.66;3.41;3.66;3.28,3,7,20,11,100,-0.38,Al día,False,Sí,3,1338000.0,2,No trabaja,0,Misma ciudad,Familiar,22,Femenino,Ingeniería de Sistemas,Lima,Activo,0,0,True,4,4.0
EST-0138,Marina,Marcos,Perdomo,Rojas,CC,1280944698,marina.perdomo42@email.com,3239473395,"Cr. 160W # 70W-7 Sur, Apartamento 530, 739288, Anzoátegui, Tolima",2002-07-02,4.03,4.24;4.10;3.76,2,3,18,10,78,-0.34,Al día,False,No,3,1005000.0,2,No trabaja,0,Ciudad cercana,Propia,22,Masculino,Ingeniería de Sistemas,Lima,Activo,0,1,False,2,4.8
EST-0139,Patricia,,Cardona,Reyes,CC,5563423978,patricia.cardona74@email.com,(+57)3007466802,"Calle 7I # 2-12 Este, 760914, Yumbo, Valle del Cauca",2004-04-25,3.49,3.54;3.54;3.39,2,3,19,12,89,-0.15,Al día,False,No,5,2145000.0,3,No trabaja,0,Ciudad lejana,Propia,22,Masculino,Ingeniería de Sistemas,Lima,Activo,0,0,False,1,5.0
EST-0140,Sandra,Martha,Vásquez,Torres,CC,9732612240,sandra.vásquez93@email.com,+573082607999,"Av. Barbacoas # 6-35, Torre 5 apartamento 713, 543443, La Esperanza, Norte de Santander",2002-04-06,3.24,3.19;3.21;3.24;3.45;3.12,6,5,14,0,64,-0.33,Al día,False,No,2,543000.0,5,Medio tiempo,20,Ciudad cercana,Familiar,20,Femenino,Ingeniería de Sistemas,Cusco,Desertor,0,4,False,0,4.5
EST-0141,Alejandro,Alejandro,Velasco,Rivera,CC,5209988025,alejandro.velasco46@email.com,+57 317 810 26 88,"Dg. 21 # 3-14, Local 299, 055431, La Estrella, Antioquia",2005-09-22,3.57,3.60;3.58;3.66;3.50;3.70;3.52;3.90;3.23;3.47,2,9,20,12,86,0.24,Al día,False,No,1,3625000.0,3,No trabaja,0,Ciudad cercana,Propia,26,Masculino,Ingeniería de Sistemas,Barranca,Activo,0,0,False,2,5.0
EST-0142,Yudy,Juan,Hurtado,,CC,9995594982,yudy.hurtado0@email.com,573161179883,"Cr. 166 # 8-39 Sur, Local 6, 136807, Morales, Bolívar",2002-02-27,3.91,4.36;3.95;4.01;4.07;3.85;3.73;3.43,2,7,19,12,86,-0.3,Al día,False,Sí,2,1222000.0,4,Medio tiempo,21,Misma ciudad,Arrendada,25,Masculino,Ingeniería de Sistemas,Lima,Activo,1,1,False,3,4.0
EST-0143,Carlos,,Romero,Rodríguez,CC,7536346391,carlos.romero70@email.com,3033708192,"Cr. 162 # 7-5 Sur, Bodega 61, 735021, Rovira, Tolima",2005-10-11,3.65,3.93;3.59;3.90;3.48;3.54;3.88;3.71;3.51;3.30,2,9,21,17,85,-0.21,En mora,False,No,5,4402000.0,3,Medio tiempo,12,Misma ciudad,Arrendada,17,Masculino,Ingeniería de Sistemas,Juliaca,Activo,1,1,False,1,4.3
EST-0144,Cristina,Alexander,Velásquez,Romero,CC,7711942872,cristina.velásquez2@email.com,1677299,"Cl. 9H # 22-73, Apartamento 30, 688233, Macaravita, Santander",2001-08-11,3.75,3.96;3.72;3.81;3.98;3.59;3.71;3.57;3.66,2,8,23,18,72,0.09,Al día,False,No,2,2205000.0,4,No trabaja,0,Misma ciudad,Familiar,17,Masculino,Ingeniería de Sistemas,Lima,Activo,0,0,False,0,4.3
EST-0145,Carlos,Francisco,Santos,Gamboa,CC,7398836898,carlos.santos93@email.com,(+57)6054917424,"Cl. 2ª # 5A-5 Este, 257003, Pandi, Cundinamarca",2000-02-14,3.61,3.68;3.76;3.59;3.75;3.45;3.42,2,6,18,14,96,-0.03,Al día,True,Sí,3,8587000.0,3,No trabaja,0,Ciudad cercana,Arrendada,26,Femenino,Ingeniería de Sistemas,Lima,Activo,0,0,False,3,3.6
EST-0146,María,,Salazar,,CC,9555699262,maría.salazar23@email.com,573105341599,"Calle 32 # 2-5, 200959, Bosconia, Cesar",2000-03-10,4.03,4.35;3.81;3.92,3,3,13,4,54,0.11,En mora,True,Sí,1,1321000.0,4,Tiempo completo,30,Ciudad lejana,Familiar,23,Femenino,Ingeniería de Sistemas,Cerro de Pasco,Desertor,2,3,True,2,4.1
EST-0147,Karen,Cristian,Páez,Blanco,CC,2681525047,karen.páez64@email.com,609 668 08 21,"Dg. 69 # 2-8 Sur, Local 76, 204734, Agustín Codazzi, Cesar",2003-10-23,3.94,3.77;4.03;3.72;4.23,1,4,18,16,72,0.51,Al día,False,No,2,2304000.0,6,Tiempo completo,30,Misma ciudad,Propia,17,Masculino,Ingeniería de Sistemas,Lima,Activo,1,0,False,1,4.0
EST-0148,Javier,Marleny,Barreto,Moreno,CC,1013375166,javier.barreto66@email.com,(+57) 601 235 64 34,"Av. carrera 5ª # 4-9 Sur, Torre 8 apartamento 3, 054635, La Ceja, Antioquia",2001-09-17,4.19,4.38;4.08;4.27;4.02,2,4,20,14,61,-0.25,Al día,False,No,3,1884000.0,5,Medio tiempo,18,Misma ciudad,Propia,17,Masculino,Ingeniería de Sistemas,Tarapoto,Activo,1,0,False,1,3.8
EST-0149,Luis,,Rodríguez,Roa,CC,8505843935,luis.rodríguez90@email.com,317 199 49 76,"Avenida Carlos Castillo # 6-83 Este, 053280, Cáceres, Antioquia",2003-11-28,4.01,4.39;4.32;3.87;4.10;4.16;3.71;3.91;3.90;3.76,1,9,20,17,82,-0.14,Al día,False,No,4,830000.0,6,Tiempo completo,34,Misma ciudad,Familiar,16,Masculino,Ingeniería de Sistemas,Jaén,Activo,2,1,False,3,4.2
EST-0150,Jairo,Rosa,Vargas,Ortega,CC,6010525841,jairo.vargas71@email.com,+573184795097,"Cl. 44 # 5-4 Sur, 410178, San Agustín, Huila",2001-02-21,3.77,3.76;3.78,2,2,16,9,86,0.02,Al día,False,No,2,1410000.0,4,Tiempo completo,30,Ciudad cercana,Arrendada,24,Femenino,Ingeniería de Sistemas,Lima,Activo,0,1,False,7,4.3
EST-0151,Cecilia,Sebastián,Salazar,Castaño,CC,5345773158,cecilia.salazar67@email.com,203 24 30,"Cl. 4ª # 40G-8 Este, 194542, Cajibío, Cauca",2008-01-22,4.12,4.14;4.10,2,2,13,7,65,-0.04,Al día,True,No,4,1738000.0,3,Medio tiempo,16,Misma ciudad,Familiar,18,Femenino,Ingeniería de Sistemas,Lima,Activo,0,0,False,2,3.5
EST-0152,Marcela,,Sánchez,,CC,7661602187,marcela.sánchez49@email.com,708 00 72,"Av. carrera 67 # 7-24, 858598, San Luis de Palenque, Casanare",2005-02-02,3.95,4.02;3.88,2,2,19,11,82,-0.14,Al día,False,No,1,1863000.0,2,Medio tiempo,19,Ciudad lejana,Arrendada,22,Femenino,Ingeniería de Sistemas,Bagua,Activo,0,1,False,2,4.2
EST-0153,María,,García,Castillo,CC,2670676824,maría.garcía59@email.com,57 305 933 84 21,"Calle 46 # 99-71 Este, 251030, Chocontá, Cundinamarca",2008-03-22,4.11,4.41;4.28;4.00;4.18;4.16;4.21;3.80;3.85,2,8,20,14,74,0.05,En mora,False,No,5,1071000.0,3,No trabaja,0,Misma ciudad,Familiar,20,Otro,Ingeniería de Sistemas,Lima,Activo,0,0,True,2,3.9
EST-0154,Antonio,Fanny,Portilla,,CC,4339426019,antonio.portilla45@email.com,01 8006 153 498,"Tr. 96 # 65F-85 Este, Etapa 6 apartamento 57, 089597, Soledad, Atlántico",2008-01-04,4.09,4.19;4.16;4.03;4.25;3.84,1,5,19,16,70,-0.41,Al día,True,No,4,2147000.0,4,Medio tiempo,25,Ciudad lejana,Familiar,21,Masculino,Ingeniería de Sistemas,Ayacucho,Activo,0,1,True,1,4.4
EST-0155,Johan,Rosa,Orozco,Rentería,CC,6981452941,johan.orozco18@email.com,6066657051,"Transversal 199 # 9-96, Local 88, 053161, Tarso, Antioquia",1995-10-28,2.78,2.89;2.67,7,2,15,0,59,-0.22,Al día,True,No,2,1653000.0,5,No trabaja,0,Misma ciudad,Propia,24,Masculino,Ingeniería de Sistemas,Lima,Desertor,1,3,True,2,3.6
EST-0156,Gabriela,Felipe,Bohórquez,Valencia,CC,4478816732,gabriela.bohórquez13@email.com,3298116941,"Carrera 87 # 6-55 Sur, 259926, Nocaima, Cundinamarca",2000-11-16,3.83,4.01;3.93;3.71;3.73;3.87;3.72,1,6,20,18,99,-0.15,Al día,False,Sí,2,1436000.0,2,No trabaja,0,Ciudad cercana,Arrendada,21,Masculino,Ingeniería de Sistemas,Chiclayo,Activo,0,0,False,0,4.1
EST-0157,Oswaldo,Milena,Trujillo,,CC,4949636216,oswaldo.trujillo55@email.com,(+57)3033632169,"Cr. 7ª # 80U-82 Sur, Bodega 3, 199641, Santander de Quilichao, Cauca",2004-02-10,3.5,3.61;3.51;3.59;3.38;3.42,5,5,14,0,59,0.04,Pago parcial,True,No,3,1223000.0,6,Medio tiempo,19,Ciudad lejana,Arrendada,24,Otro,Ingeniería de Sistemas,Lima,Desertor,2,4,False,0,3.8
EST-0158,Jorge,,Ardila,Carvajal,CC,5046372029,jorge.ardila91@email.com,+57 321 017 72 02,"Avenida calle 55 # 9G-90 Este, 254968, Guasca, Cundinamarca",2008-03-04,3.6,3.41;3.74;3.85;3.74;3.24,3,5,21,12,86,-0.5,Al día,False,No,2,4186000.0,5,Tiempo completo,36,Misma ciudad,Arrendada,25,Femenino,Ingeniería de Sistemas,Ica,Activo,0,1,False,2,4.4
EST-0159,Lucy,Adalberto,Ramírez,Giraldo,TI,7102290770,lucy.ramírez78@email.com,+57 309 762 37 59,"Carrera 22 # 30-62 Este, 524573, Gualmatán, Nariño",2007-09-06,3.94,3.92;4.06;3.75;4.01,2,4,16,11,74,0.26,Al día,False,No,5,1440000.0,3,Medio tiempo,30,Ciudad cercana,Propia,17,Masculino,Ingeniería de Sistemas,Huaraz,Activo,0,0,False,3,3.8
EST-0160,Enrique,Alfonso,Murillo,Rojas,CC,2069560590,enrique.murillo42@email.com,576086731584,"Calle 9U # 2B-42 Este, 888217, San Andrés",2005-08-06,3.74,3.83;3.64,3,2,16,5,79,-0.19,Pago parcial,False,No,4,1356000.0,2,Medio tiempo,19,Misma ciudad,Propia,21,Masculino,Ingeniería de Sistemas,Piura,Activo,0,0,False,1,3.4
EST-0161,Luis,David,Rueda,Rojas,CC,9447385918,luis.rueda65@email.com,576099820365,"Cr. 5ª # 88-44, Etapa 8 apartamento 6, 205648, Bosconia, Cesar",1996-01-18,4.19,4.16;4.22,0,2,17,17,86,0.06,Al día,False,No,3,8149000.0,3,Tiempo completo,30,Misma ciudad,Arrendada,24,Femenino,Ingeniería de Sistemas,Arequipa,Activo,1,0,False,2,4.0
EST-0162,Felipe,Jeferson,Ríos,Pérez,CC,1050923482,felipe.ríos10@email.com,3033784813,"Transversal 5ª # 9-49 Este, Apartamento 62, 851735, Támara, Casanare",1999-09-09,3.36,3.51;3.66;3.61;3.04;3.61;2.92;3.24;3.43;3.18,5,9,15,1,46,-0.25,En mora,True,No,5,612000.0,4,Tiempo completo,30,Ciudad lejana,Arrendada,29,Masculino,Ingeniería de Sistemas,Nazca,Desertor,1,5,False,1,3.7
EST-0163,David,Maira,Vega,,CC,5211475714,david.vega58@email.com,(+57) 315 563 38 15,"Carrera 22 # 1-49 Este, Etapa 5 apartamento 7, 667754, Pereira",2004-04-04,3.32,3.30;3.35,5,2,16,2,72,0.05,En mora,True,Sí,2,2089000.0,3,No trabaja,0,Misma ciudad,Arrendada,19,Femenino,Ingeniería de Sistemas,Lima,Desertor,2,2,True,1,3.8
EST-0164,Antonio,,Amaya,Lara,CC,6281650844,antonio.amaya85@email.com,+573006945347,"Cr. 53I Este # 4Q-4, 170442, Supía, Caldas",2002-02-15,3.88,3.75;4.02,1,2,20,18,73,0.27,Pago parcial,False,Sí,4,792000.0,1,Medio tiempo,19,Ciudad lejana,Propia,25,Femenino,Ingeniería de Sistemas,Lima,Activo,0,0,False,0,4.4
EST-0165,Antonio,Alejandra,Ríos,González,CC,7725244958,antonio.ríos7@email.com,(+57)3048845995,"Carrera 36 # 46Z-1 Sur, Oficina 80, 197054, Guapi, Cauca",2007-10-25,3.64,3.57;3.72,2,2,13,6,81,0.15,En mora,False,Sí,4,2495000.0,4,Tiempo completo,39,Ciudad cercana,Familiar,26,Masculino,Ingeniería de Sistemas,Abancay,Activo,1,0,True,2,4.4
EST-0166,Mónica,Daniel,Mosquera,Luna,CC,5890152964,mónica.mosquera43@email.com,301 189 65 73,"Dg. 91 # 38-5, Casa 7, 760326, Argelia, Valle del Cauca",2004-05-19,3.64,3.64,2,1,21,16,87,0.0,Al día,False,No,6,745000.0,2,No trabaja,0,Misma ciudad,Familiar,20,Masculino,Ingeniería de Sistemas,Lima,Activo,0,2,False,1,4.6
EST-0167,Fernando,,Gutiérrez,,CC,8465248556,fernando.gutiérrez34@email.com,57 609 862 60 60,"Avenida carrera 57 # 43-9 Sur, Apartamento 814, 548428, Ábrego, Norte de Santander",2002-10-20,3.76,3.84;3.60;3.84,2,3,17,12,79,0.24,Al día,False,No,6,2548000.0,4,Medio tiempo,15,Misma ciudad,Arrendada,30,Femenino,Ingeniería de Sistemas,Lima,Activo,0,0,False,0,4.3
EST-0168,Andrés,,Cruz,,CC,2435837340,andrés.cruz83@email.com,+573117044076,"Cr. 146 # 35-62 Este, Apto. 71, 417722, Rivera, Huila",2004-02-01,3.63,3.77;3.72;3.60;3.73;3.64;3.54;3.44;3.58,2,8,19,13,100,0.14,Al día,False,No,6,1291000.0,4,Medio tiempo,22,Misma ciudad,Arrendada,23,Femenino,Ingeniería de Sistemas,Lima,Activo,0,0,False,2,4.3
EST-0169,Alfredo,,Gómez,,CC,2418095608,alfredo.gómez96@email.com,57 309 757 90 78,"Cr. 86J # 7-9, 232715, Cereté, Córdoba",2001-02-18,4.18,3.95;4.21;4.37,1,3,18,13,79,0.16,Al día,False,No,3,4188000.0,2,No trabaja,0,Misma ciudad,Familiar,23,Masculino,Ingeniería de Sistemas,Lima,Activo,0,2,False,1,3.0
EST-0170,Leticia,Liliana,Mendoza,Becerra,CC,3468841807,leticia.mendoza39@email.com,+573196890385,"Av. Alberto Mauricio Becerra # 9-1, Bodega 4, 192683, Balboa, Cauca",1999-10-14,3.32,3.31;3.33,6,2,12,0,51,0.02,En mora,True,No,2,433000.0,3,Medio tiempo,16,Ciudad lejana,Arrendada,23,Masculino,Ingeniería de Sistemas,Cusco,Desertor,1,2,False,2,4.0
EST-0171,Gloria,Alba,Barrera,,CC,8361456803,gloria.barrera60@email.com,+576016411306,"Calle 9ª # 6-7, 708246, San José de Toluviejo, Sucre",2000-11-11,4.04,4.20;4.26;4.08;4.07;4.01;3.90;3.78,2,7,19,13,78,-0.12,Al día,True,No,1,2536000.0,2,Tiempo completo,43,Ciudad cercana,Arrendada,16,Femenino,Ingeniería de Sistemas,Lima,Activo,0,0,False,2,4.7
EST-0172,Juan,Humberto,Zapata,Espinosa,CC,4302704918,juan.zapata84@email.com,+57 300 761 41 73,"Av. carrera 4ª # 1-78 Este, Oficina 470, 153657, Chíquiza, Boyacá",2004-05-20,3.5,3.36;3.69;3.46,4,3,17,5,52,-0.23,En mora,False,No,2,2432000.0,3,No trabaja,0,Ciudad lejana,Arrendada,17,Femenino,Ingeniería de Sistemas,Cajamarca,Desertor,2,3,False,2,4.0
EST-0173,Edgar,,Padilla,Mosquera,CC,9570572100,edgar.padilla57@email.com,576083067224,"Calle 53 # 87-55 Sur, 158307, Socha, Boyacá",2001-03-21,4.0,4.20;4.39;4.12;4.04;3.90;4.03;3.97;3.85;3.68;3.77,1,10,18,14,70,0.09,Al día,False,No,2,3093000.0,5,No trabaja,0,Misma ciudad,Propia,18,Masculino,Ingeniería de Sistemas,Lima,Activo,1,0,False,2,4.2
EST-0174,Gabriel,Luis,Sarmiento,Camacho,CC,4761165800,gabriel.sarmiento8@email.com,3142679056,"Cr. 76 # 6-1 Este, Oficina 73, 183946, Florencia",1999-07-19,3.18,3.25;3.10,5,2,16,2,81,-0.15,Al día,False,No,2,2874000.0,3,Medio tiempo,21,Ciudad cercana,Arrendada,19,Masculino,Ingeniería de Sistemas,Lima,Activo,0,1,False,0,3.7
EST-0175,Javier,María,Ballesteros,Valderrama,CC,7140354068,javier.ballesteros26@email.com,3117705746,"Avenida Ramón Restrepo # 78-30 Sur, Local 937, 050751, Rionegro, Antioquia",2006-05-24,4.15,4.15;4.32;3.97,1,3,19,15,92,-0.35,Pago parcial,False,Sí,4,2624000.0,1,Medio tiempo,14,Misma ciudad,Propia,21,Femenino,Ingeniería de Sistemas,Tumbes,Activo,1,0,False,1,4.6
EST-0176,Daniel,,Salgado,Hernández,CC,2388574804,daniel.salgado70@email.com,(+57)6019783653,"Av. carrera 86 # 81-4 Este, 769083, Ulloa, Valle del Cauca",2006-04-08,3.59,3.56;3.57;3.77;3.70;3.59;3.35,3,6,17,8,100,-0.24,Al día,False,Sí,2,921000.0,2,Tiempo completo,35,Misma ciudad,Familiar,21,Femenino,Ingeniería de Sistemas,Lima,Activo,1,0,False,0,4.1
EST-0177,Brayan,,González,Salazar,CC,2596251329,brayan.gonzález39@email.com,01 8006 448 390,"Dg. 6X # 3-53 Sur, Local 57, 258073, Cajicá, Cundinamarca",1999-07-12,3.8,4.10;3.89;3.64;3.78;3.65;3.55;3.97,2,7,20,12,82,0.42,Al día,False,Sí,1,2726000.0,2,Tiempo completo,36,Ciudad lejana,Familiar,20,Masculino,Ingeniería de Sistemas,Tacna,Activo,0,1,False,3,3.8
EST-0178,Amparo,Óscar,Manrique,Escobar,CC,1778533833,amparo.manrique18@email.com,+57 325 760 82 86,"Dg. 150J # 83P-8 Este, Etapa 1 apartamento 33, 545482, Cácota, Norte de Santander",2003-12-19,4.3,4.28;4.32,1,2,16,15,65,0.04,Pago parcial,False,Sí,3,2636000.0,4,Medio tiempo,18,Ciudad cercana,Propia,20,Femenino,Ingeniería de Sistemas,Tarapoto,Activo,0,0,True,3,4.4
EST-0179,Eugenia,Paola,Velasco,,CC,5371348824,eugenia.velasco71@email.com,+573264471027,"Calle 68 # 5-2 Sur, Bodega 666, 055328, Titiribí, Antioquia",1999-07-21,3.89,3.82;3.96,2,2,13,5,76,0.14,Al día,False,Sí,4,765000.0,3,Tiempo completo,31,Misma ciudad,Propia,17,Femenino,Ingeniería de Sistemas,Lima,Activo,0,0,False,1,4.5
EST-0180,Alejandro,Pilar,Chávez,,CC,9630975971,alejandro.chávez81@email.com,3186652655,"Dg. 8I # 57-19 Sur, 080645, Ponedera, Atlántico",2005-03-26,3.94,3.94,2,1,19,12,84,0.0,Al día,False,No,2,1635000.0,4,No trabaja,0,Ciudad lejana,Propia,21,Masculino,Ingeniería de Sistemas,Puno,Activo,0,1,False,1,3.6
EST-0181,Eduard,Carolina,Vega,Cáceres,CC,6707474344,eduard.vega63@email.com,(+57) 326 519 82 89,"Calle 7R Bis C # 94-59, 150549, Caldas, Boyacá",1996-04-03,3.33,3.38;3.29;3.31,6,3,16,0,66,0.02,En mora,True,Sí,3,634000.0,4,No trabaja,0,Ciudad lejana,Arrendada,16,Femenino,Ingeniería de Sistemas,Huánuco,Desertor,0,4,True,3,3.6
EST-0182,Carolina,Ignacio,Díaz,Vásquez,CC,6929781706,carolina.díaz14@email.com,(+57) 322 072 15 29,"Diagonal 27 # 45-26 Este, Bodega 7, 055533, Guadalupe, Antioquia",2003-01-10,4.06,4.14;3.94;4.39;4.15;3.80;3.90;4.08,1,7,18,17,75,0.18,Al día,False,No,1,5439000.0,3,Tiempo completo,41,Ciudad cercana,Arrendada,19,Masculino,Ingeniería de Sistemas,Lima,Activo,0,0,False,2,4.7
EST-0183,Miguel,Alfonso,Leal,Salazar,CC,5228271748,miguel.leal50@email.com,(+57)3226275630,"Cr. 22 # 9-7 Este, 272090, Tadó, Chocó",2002-08-12,4.12,4.12,1,1,18,16,87,0.0,Al día,False,Sí,6,1733000.0,1,Tiempo completo,34,Misma ciudad,Propia,20,Femenino,Ingeniería de Sistemas,Iquitos,Activo,0,1,False,3,4.3
EST-0184,Blanca,,Mosquera,Salazar,CC,5082468566,blanca.mosquera58@email.com,3062843345,"Cl. 6T # 2-89, Etapa 9 apartamento 76, 057176, Puerto Triunfo, Antioquia",1999-03-14,3.89,3.93;3.89;3.85,2,3,19,14,77,-0.04,Al día,False,No,4,2549000.0,2,Medio tiempo,23,Misma ciudad,Propia,18,Masculino,Ingeniería de Sistemas,Lima,Activo,0,0,False,2,4.0
EST-0185,Blanca,Vanessa,Rojas,,CC,4659317877,blanca.rojas52@email.com,(+57) 316 423 99 39,"Calle 189 # 2-9 Sur, Oficina 58, 680961, California, Santander",2004-09-17,4.14,4.02;4.27,1,2,18,15,96,0.25,Pago parcial,False,No,1,4671000.0,3,No trabaja,0,Misma ciudad,Arrendada,22,Femenino,Ingeniería de Sistemas,Chimbote,Activo,0,0,False,1,4.3
EST-0186,Segundo,Elkin,Orozco,Gutiérrez,CC,8562358129,segundo.orozco68@email.com,(+57) 307 359 30 68,"Carrera 96 # 42-2 Sur, 057505, Nechí, Antioquia",2006-03-15,4.67,4.64;4.70,0,2,16,16,93,0.06,Pago parcial,True,Sí,3,1511000.0,3,No trabaja,0,Misma ciudad,Propia,25,Femenino,Ingeniería de Sistemas,Lima,Activo,0,1,False,3,3.7
EST-0187,Elena,,Bermúdez,,CC,1131201101,elena.bermúdez33@email.com,+576038902155,"Cl. 96U # 89M-2 Este, Apto. 13, 254445, Guasca, Cundinamarca",2005-02-16,4.23,4.36;4.28;4.68;4.29;4.07;4.02;3.94,1,7,19,16,86,-0.08,Al día,False,Sí,3,1013000.0,3,Medio tiempo,20,Misma ciudad,Arrendada,20,Masculino,Ingeniería de Sistemas,Lima,Activo,0,1,False,2,3.8
EST-0188,Javier,,Martínez,Pinto,CC,3633942693,javier.martínez76@email.com,3226173747,"Cr. 122Y # 9S-51 Sur, Casa 86, 683593, Suaita, Santander",1999-09-08,3.55,3.59;3.51,5,2,15,0,57,-0.08,Pago parcial,True,No,3,920000.0,2,Medio tiempo,22,Misma ciudad,Arrendada,18,Masculino,Ingeniería de Sistemas,Ica,Desertor,3,2,False,1,3.7
EST-0189,María,James,Gómez,,CC,6140439848,maría.gómez48@email.com,57 313 616 94 19,"Calle 2ª # 83-69 Sur, 543625, Chitagá, Norte de Santander",2008-01-20,3.71,3.70;3.59;3.87;3.72;3.67;3.71,4,6,16,3,78,0.04,Al día,False,Sí,6,1908000.0,3,Medio tiempo,28,Misma ciudad,Propia,22,Masculino,Ingeniería de Sistemas,Huaraz,Activo,0,0,False,1,4.3
EST-0190,Jorge,José,Gutiérrez,Osorio,CC,3632975930,jorge.gutiérrez96@email.com,(+57)3032528397,"Avenida carrera 1ª # 60T-15 Sur, Apto. 22, 528004, Imués, Nariño",1998-09-14,3.12,3.08;3.15,6,2,15,0,70,0.07,Pago parcial,True,No,1,2658000.0,3,Medio tiempo,22,Ciudad cercana,Familiar,27,Femenino,Ingeniería de Sistemas,Piura,Desertor,1,0,False,1,4.0
EST-0191,Clara,,Murillo,Bernal,CC,4099699490,clara.murillo12@email.com,57 326 738 80 01,"Carrera 9ª # 3-4 Este, Torre 8 apartamento 9, 523373, Pasto",2005-02-03,4.12,4.12,2,1,17,10,66,0.0,Al día,False,No,2,1931000.0,3,Tiempo completo,41,Misma ciudad,Familiar,22,Masculino,Ingeniería de Sistemas,Lima,Activo,0,0,False,3,4.2
EST-0192,Carlos,,Correa,Arenas,CC,5373670734,carlos.correa61@email.com,302 273 74 37,"Av. calle 78 # 31-1 Este, Local 47, 236586, Pueblo Nuevo, Córdoba",1997-02-06,2.82,2.98;2.91;2.81;3.13;2.86;2.84;2.54;2.48,7,8,17,0,63,-0.06,En mora,False,No,1,1669000.0,1,Medio tiempo,23,Ciudad lejana,Propia,21,Femenino,Ingeniería de Sistemas,Nazca,Desertor,3,2,True,0,4.3
EST-0193,Teresa,,Suárez,Mosquera,CC,6713651730,teresa.suárez44@email.com,(+57) 309 814 42 46,"Cr. 96 # 48-1, 178604, Marquetalia, Caldas",2008-02-29,3.81,3.81;3.80;3.81;3.80;3.83,3,5,18,7,80,0.03,Pago parcial,False,No,4,2317000.0,2,Medio tiempo,16,Misma ciudad,Familiar,19,Femenino,Ingeniería de Sistemas,Lima,Activo,0,0,True,2,4.0
EST-0194,Jair,Óscar,López,Garzón,CC,7773932551,jair.lópez30@email.com,(+57)3049349901,"Cr. 79 # 6-4 Sur, 476349, Santa Marta",2006-03-05,4.11,4.12;4.25;4.23;4.23;4.25;3.80;3.89,1,7,19,14,70,0.09,Al día,False,No,3,2565000.0,3,Medio tiempo,25,Misma ciudad,Arrendada,20,Femenino,Ingeniería de Sistemas,Lima,Activo,0,1,False,5,4.6
EST-0195,Alberto,,Villamizar,Hernández,CC,1601244794,alberto.villamizar37@email.com,57 303 283 33 86,"Diagonal 91 # 2-30 Sur, Apartamento 892, 153529, Boavita, Boyacá",2008-07-29,3.62,3.78;3.60;3.50;3.65;3.59,3,5,23,15,88,-0.06,Al día,False,No,2,2677000.0,6,No trabaja,0,Misma ciudad,Arrendada,21,Masculino,Ingeniería de Sistemas,Abancay,Activo,1,0,False,2,3.9
EST-0196,Inés,,Castaño,Serrano,CC,8568712587,inés.castaño80@email.com,(+57)6068730501,"Cr. 86B Sur # 32-41, Local 103, 182655, El Paujíl, Caquetá",2006-04-04,3.54,3.48;3.86;3.44;3.37,3,4,18,7,82,-0.07,Al día,False,No,2,3240000.0,1,Tiempo completo,38,Misma ciudad,Propia,24,Femenino,Ingeniería de Sistemas,Lima,Activo,0,0,False,8,4.8
EST-0197,Camilo,Carolina,López,Parada,CC,2033398812,camilo.lópez82@email.com,(+57) 308 165 02 85,"Diagonal 2ª # 2Y-34 Este, 956359, Calamar, Guaviare",2001-06-12,3.01,3.05;3.35;3.23;3.02;2.82;2.90;2.95;3.08;2.70,6,9,19,0,41,-0.38,Pago parcial,True,No,1,1053000.0,1,Medio tiempo,13,Ciudad cercana,Arrendada,25,Masculino,Ingeniería de Sistemas,Puerto Maldonado,Desertor,0,2,True,1,3.8
EST-0198,Freddy,Mónica,Bravo,Contreras,CC,4811249117,freddy.bravo95@email.com,57 608 840 04 59,"Carrera 61 # 67-3 Este, 946812, Inírida",2002-01-27,3.16,3.20;3.13,7,2,15,0,57,-0.07,Al día,True,Sí,2,759000.0,2,Medio tiempo,20,Ciudad lejana,Familiar,26,Masculino,Ingeniería de Sistemas,Moyobamba,Desertor,1,0,False,1,4.4
EST-0199,Alexandra,,Herrera,Martínez,CC,6089840868,alexandra.herrera30@email.com,6037581897,"Calle 44 # 5-80 Sur, 238503, San Antero, Córdoba",2004-06-06,3.98,4.01;4.01;3.93,1,3,14,13,80,-0.08,Pago parcial,False,No,3,1583000.0,6,Tiempo completo,46,Misma ciudad,Familiar,23,Femenino,Ingeniería de Sistemas,Lima,Activo,0,0,True,2,4.2
EST-0200,Francisco,Virginia,Salas,,CC,4914009201,francisco.salas26@email.com,6048572903,"Calle 197G # 1-6 Sur, Apto. 81, 524872, Santacruz, Nariño",2001-10-15,3.27,3.27,6,1,14,0,52,0.0,En mora,True,No,1,2596000.0,3,No trabaja,0,Ciudad lejana,Familiar,24,Femenino,Ingeniería de Sistemas,Lima,Desertor,1,1,False,0,4.0
EST-0201,Luis,Norberto,Muñoz,Zapata,CC,4976311198,luis.muñoz34@email.com,(+57)3135250539,"Transversal 132L # 8-8, Casa 5, 702257, San Luis de Sincé, Sucre",2003-03-26,3.76,3.54;3.97,2,2,19,15,88,0.43,Al día,False,Sí,4,1185000.0,1,No trabaja,0,Misma ciudad,Propia,16,Femenino,Ingeniería de Sistemas,Barranca,Activo,1,0,False,1,4.1
EST-0202,Arley,Julio,Molina,Vargas,CC,8025531820,arley.molina52@email.com,+573014903772,"Cl. 103W # 6-4 Sur, 170904, Belalcázar, Caldas",2006-07-04,3.8,3.71;3.90,5,2,11,0,76,0.19,Al día,False,No,2,1325000.0,4,Tiempo completo,46,Ciudad cercana,Arrendada,16,Masculino,Ingeniería de Sistemas,Cajamarca,Desertor,1,5,True,0,3.7
EST-0203,Liliana,Manuel,Restrepo,Pérez,CC,3405961197,liliana.restrepo66@email.com,+576057886968,"Cr. 84D Este # 15-9 Sur, Apartamento 990, 059151, Cisneros, Antioquia",2001-07-29,3.83,4.05;3.96;4.16;3.61;3.60;3.58,2,6,17,9,57,-0.02,Pago parcial,False,No,3,2069000.0,2,No trabaja,0,Misma ciudad,Arrendada,17,Masculino,Ingeniería de Sistemas,Lima,Activo,0,1,False,2,4.7
EST-0204,Leydi,Álvaro,Sepúlveda,Gutiérrez,CC,7147849046,leydi.sepúlveda86@email.com,3252072830,"Carrera 98G # 6-3 Sur, Apartamento 25, 525116, Contadero, Nariño",2001-12-18,4.1,4.04;4.35;4.01;4.15;3.95,2,5,19,12,86,-0.2,Al día,False,Sí,4,2100000.0,5,Medio tiempo,24,Ciudad cercana,Arrendada,19,Femenino,Ingeniería de Sistemas,Pucallpa,Activo,0,1,False,3,4.1
EST-0205,Eliana,Alberto,Barreto,León,CC,6402766215,eliana.barreto65@email.com,319 332 72 53,"Calle 17 # 17-3 Sur, Torre 9 apartamento 287, 689838, Contratación, Santander",2001-08-17,4.08,4.07;4.12;4.35;3.92;3.97;4.05,2,6,19,13,61,0.08,Al día,False,Sí,2,1694000.0,1,Medio tiempo,16,Misma ciudad,Arrendada,22,Masculino,Ingeniería de Sistemas,Tumbes,Activo,1,0,False,3,3.6
EST-0206,José,Elena,Monsalve,Muñoz,CC,5298340283,josé.monsalve53@email.com,6054073580,"Calle 147 # 17-1 Este, 151444, Arcabuco, Boyacá",2002-03-08,3.55,3.55,3,1,18,11,69,0.0,Al día,False,No,4,1667000.0,2,Medio tiempo,15,Ciudad lejana,Familiar,17,Femenino,Ingeniería de Sistemas,Lima,Activo,0,0,False,2,4.0
EST-0207,Ángela,María,Ramos,,CC,1443808647,ángela.ramos12@email.com,+57 604 140 32 52,"Cl. 5ª # 41-6 Sur, 415787, Hobo, Huila",2003-07-02,3.94,3.92;3.95,3,2,19,12,95,0.03,Al día,False,No,2,2362000.0,4,No trabaja,0,Ciudad lejana,Arrendada,16,Masculino,Ingeniería de Sistemas,Lima,Activo,0,1,False,5,4.8
EST-0208,Laura,Nubia,Ramos,García,CC,9125165956,laura.ramos20@email.com,+576017811243,"Cr. 121 # 11-5 Este, Bodega 758, 238704, Montería",1996-09-15,4.42,4.42,0,1,16,15,75,0.0,En mora,False,No,5,2745000.0,2,No trabaja,0,Ciudad lejana,Familiar,23,Masculino,Ingeniería de Sistemas,Lima,Activo,0,0,False,3,4.4
EST-0209,Benjamín,Elena,Mercado,,CC,3367273177,benjamín.mercado17@email.com,(+57) 329 260 93 60,"Carrera 143 # 78-8, 059401, Giraldo, Antioquia",2004-06-03,3.93,4.02;3.85,2,2,18,12,85,-0.17,Al día,False,Sí,3,1307000.0,3,Tiempo completo,40,Ciudad cercana,Propia,20,Masculino,Ingeniería de Sistemas,Jaén,Activo,2,0,False,0,4.4
EST-0210,Anderson,Elías,Pérez,,CC,8496026105,anderson.pérez34@email.com,573067546378,"Calle 171 # 9-9 Sur, 669758, Marsella, Risaralda",2003-05-31,3.09,2.82;3.12;3.09;3.18;3.18;3.13,6,6,15,0,90,-0.05,Al día,True,No,1,996000.0,3,Tiempo completo,30,Ciudad lejana,Propia,19,Femenino,Ingeniería de Sistemas,Puno,Desertor,1,2,True,0,4.1
EST-0211,Nelly,Juan,Castrillón,Rueda,CC,5539990566,nelly.castrillón4@email.com,+57 304 759 91 54,"Cr. 108 Bis # 96-90 Este, Bodega 97, 203842, Pailitas, Cesar",2005-12-21,4.28,4.28,0,1,18,18,74,0.0,Al día,False,No,3,5466000.0,3,No trabaja,0,Misma ciudad,Propia,19,Femenino,Ingeniería de Sistemas,Lima,Activo,0,0,False,3,4.8
EST-0212,Sandra,,Flórez,Andrade,CC,5294815290,sandra.flórez74@email.com,573226556069,"Cl. 63 # 4-4, 057708, Santo Domingo, Antioquia",2005-09-01,3.7,3.70,4,1,9,0,58,0.0,Al día,False,No,1,1097000.0,4,Tiempo completo,40,Ciudad cercana,Familiar,24,Masculino,Ingeniería de Sistemas,Lima,Desertor,1,1,False,1,3.7
EST-0213,Hernando,,Ortega,Flórez,CC,3445483020,hernando.ortega62@email.com,57 305 027 47 50,"Calle 33B # 9-74 Este, Local 84, 053721, Sabanalarga, Antioquia",2006-11-01,3.85,3.93;4.04;3.64;3.75;3.88,2,5,15,7,92,0.13,Al día,True,No,3,1592000.0,2,Medio tiempo,23,Ciudad lejana,Arrendada,23,Femenino,Ingeniería de Sistemas,Lima,Activo,0,2,False,1,4.7
EST-0214,Fabián,Cecilia,García,,CC,7155325318,fabián.garcía9@email.com,57 304 123 62 87,"Av. carrera 184 # 63A-72 Este, 053392, Santa Fé de Antioquia, Antioquia",2005-05-24,3.36,3.19;3.54,5,2,15,0,53,0.35,Al día,True,No,1,778000.0,3,Tiempo completo,30,Ciudad lejana,Arrendada,17,Femenino,Ingeniería de Sistemas,Ayacucho,Desertor,0,4,True,0,3.9
EST-0215,Silvia,Israel,Franco,Angulo,CC,9077006831,silvia.franco12@email.com,+57 603 498 20 27,"Tr. 71 # 33-6, 472324, Ariguaní, Magdalena",2004-05-07,3.85,3.85,2,1,16,10,95,0.0,Al día,False,No,4,1345000.0,2,Medio tiempo,22,Ciudad lejana,Arrendada,22,Femenino,Ingeniería de Sistemas,Chimbote,Activo,0,0,True,0,4.4
EST-0216,Alejandro,Edith,Buitrago,Medina,CC,4530774022,alejandro.buitrago66@email.com,57 604 929 05 49,"Calle 199 # 26-6 Este, 700056, San Juan de Betulia, Sucre",2002-01-20,3.53,3.66;3.49;3.73;3.59;3.23;3.46,2,6,22,14,71,0.23,Al día,False,Sí,3,1167000.0,3,No trabaja,0,Ciudad lejana,Arrendada,23,Femenino,Ingeniería de Sistemas,Lima,Activo,1,0,False,0,3.9
EST-0217,Fanny,Katherin,Hurtado,,CC,3447719943,fanny.hurtado12@email.com,57 323 980 97 72,"Cr. 70 # 2-39 Este, Etapa 2 apartamento 602, 819187, Arauquita, Arauca",2001-01-31,3.66,3.80;3.76;3.90;3.41;3.43,4,5,19,6,61,0.02,En mora,True,No,1,1030000.0,5,No trabaja,0,Ciudad lejana,Propia,28,Masculino,Ingeniería de Sistemas,Moquegua,Desertor,0,3,True,1,3.7
EST-0218,José,Janeth,Orjuela,,CC,9131717308,josé.orjuela60@email.com,018006823353,"Carrera 3H Sur # 81-61 Sur, Etapa 6 apartamento 84, 159455, Boavita, Boyacá",2005-12-27,4.66,4.66,0,1,16,16,70,0.0,Al día,False,No,1,3582000.0,5,No trabaja,0,Misma ciudad,Arrendada,23,Femenino,Ingeniería de Sistemas,Ica,Activo,0,0,False,2,3.4
EST-0219,Alexander,José,Lozano,,CC,9982253629,alexander.lozano45@email.com,(+57)3271962509,"Cl. 197 # 49-91 Este, Torre 6 apartamento 686, 131557, Córdoba, Bolívar",1997-11-18,3.16,3.21;3.11,6,2,12,0,68,-0.1,En mora,True,No,3,1581000.0,3,No trabaja,0,Ciudad cercana,Arrendada,26,Femenino,Ingeniería de Sistemas,Huaraz,Desertor,1,4,False,1,3.5
EST-0220,José,Felipe,Orozco,Caicedo,CC,2688519392,josé.orozco23@email.com,358 29 68,"Av. Durán # 60-96 Sur, 686064, Ocamonte, Santander",2001-03-01,3.97,3.97,2,1,15,10,93,0.0,En mora,True,No,2,1797000.0,3,No trabaja,0,Misma ciudad,Propia,19,Masculino,Ingeniería de Sistemas,Lima,Activo,0,0,False,0,4.1
EST-0221,Angie,,Padilla,Rojas,CC,8198015996,angie.padilla81@email.com,311 757 37 00,"Avenida carrera 9ª # 13-29 Sur, Apto. 876, 505547, Mapiripán, Meta",2004-05-06,3.84,3.82;3.95;3.91;3.66,2,4,19,12,77,-0.25,En mora,False,No,2,432000.0,2,Medio tiempo,10,Misma ciudad,Propia,22,Femenino,Ingeniería de Sistemas,Arequipa,Activo,0,0,False,3,4.2
EST-0222,Patricia,Paola,Castillo,Zambrano,CC,7246893011,patricia.castillo54@email.com,(+57) 316 255 99 31,"Cr. 3ª # 3-48 Este, 202963, Curumaní, Cesar",2004-03-19,3.41,3.68;3.39;3.15,4,3,12,0,63,-0.24,En mora,True,No,4,1378000.0,6,No trabaja,0,Misma ciudad,Familiar,26,Masculino,Ingeniería de Sistemas,Nazca,Desertor,1,2,False,1,3.0
EST-0223,Rosa,,Cifuentes,Restrepo,CC,7368398520,rosa.cifuentes49@email.com,601 755 47 07,"Dg. 1ª # 37B-59 Sur, Bodega 11, 151946, Ráquira, Boyacá",2002-04-14,3.67,3.67;3.67,3,2,18,11,85,0.0,Pago parcial,False,No,2,3581000.0,1,Tiempo completo,33,Misma ciudad,Propia,25,Femenino,Ingeniería de Sistemas,Sullana,Activo,1,0,False,2,4.4
EST-0224,Leidy,Andrea,Alzate,Vanegas,CC,7538108595,leidy.alzate82@email.com,018004916864,"Avenida carrera 17 # 96-85 Sur, 057069, San Pedro de los Milagros, Antioquia",2000-09-21,3.2,3.42;3.41;3.13;3.23;2.87;3.15;3.18,6,7,20,4,67,0.03,En mora,True,No,1,769000.0,4,Medio tiempo,20,Ciudad lejana,Propia,18,Femenino,Ingeniería de Sistemas,Lima,Desertor,0,3,False,0,4.2
EST-0225,Fredy,Ingrid,Márquez,,CC,9598229702,fredy.márquez27@email.com,329 287 52 32,"Carrera 20 # 2F-7, Etapa 1 apartamento 11, 174162, Filadelfia, Caldas",2008-07-14,3.96,3.95;3.94;4.00,2,3,17,11,93,0.06,Al día,False,No,4,2300000.0,5,Medio tiempo,30,Misma ciudad,Arrendada,20,Masculino,Ingeniería de Sistemas,Lima,Activo,0,1,False,3,4.0
EST-0226,Rocío,,Garcés,Vanegas,CC,6237891422,rocío.garcés58@email.com,686 90 24,"Cr. 69 # 8-8 Este, 413338, Agrado, Huila",2004-06-01,4.23,4.12;4.34,2,2,17,12,80,0.22,Al día,False,No,3,3537000.0,2,No trabaja,0,Ciudad lejana,Arrendada,22,Femenino,Ingeniería de Sistemas,Lima,Activo,0,0,False,4,3.6
EST-0227,Luz,,González,Pacheco,CC,4776855944,luz.gonzález12@email.com,01 8008 488 632,"Cl. 37 # 32-54 Este, Oficina 52, 684217, La Paz, Santander",2003-01-19,4.18,4.20;4.27;4.14;4.20;4.10;4.14,1,6,21,20,82,0.04,Al día,False,Sí,2,3297000.0,3,No trabaja,0,Misma ciudad,Arrendada,22,Femenino,Ingeniería de Sistemas,Puerto Maldonado,Activo,0,0,True,2,3.6
EST-0228,Jhon,,Hernández,González,CC,7716268348,jhon.hernández58@email.com,+576013423469,"Carrera 120 # 51-23 Sur, Local 979, 087952, Juan de Acosta, Atlántico",2006-05-01,4.54,4.54,0,1,17,17,85,0.0,Al día,False,No,6,3036000.0,2,Medio tiempo,19,Misma ciudad,Propia,16,Masculino,Ingeniería de Sistemas,Moyobamba,Activo,1,2,False,4,4.1
EST-0229,Emma,Luis,Álvarez,Jiménez,CC,6537871098,emma.álvarez82@email.com,+573084815196,"Calle 58 # 7-2, Casa 2, 256300, La Peña, Cundinamarca",2003-02-21,4.0,3.91;4.08;4.33;3.98;3.70;4.20;3.97;3.81,1,8,22,19,80,-0.16,Al día,False,Sí,3,1232000.0,2,No trabaja,0,Misma ciudad,Arrendada,24,Otro,Ingeniería de Sistemas,Lima,Activo,1,0,False,2,3.8
EST-0230,Lina,María,Mosquera,,CC,1425221554,lina.mosquera71@email.com,57 310 459 75 25,"Carrera 31J # 5-72, Casa 5, 684468, San Miguel, Santander",2007-08-20,4.14,4.20;4.13;4.04;4.17,1,4,15,11,91,0.13,Al día,False,Sí,4,1963000.0,4,No trabaja,0,Misma ciudad,Familiar,19,Masculino,Ingeniería de Sistemas,Lima,Activo,0,0,False,4,4.4
EST-0231,Andrea,,Sepúlveda,Giraldo,CC,8890493793,andrea.sepúlveda74@email.com,57 312 835 95 08,"Carrera 74 # 6-34 Sur, 089339, Puerto Colombia, Atlántico",1998-10-17,3.88,4.07;4.19;4.02;3.90;3.88;4.18;3.56;3.85;3.47;3.66,2,10,17,11,89,0.19,Al día,False,Sí,4,1214000.0,3,No trabaja,0,Misma ciudad,Arrendada,20,Femenino,Ingeniería de Sistemas,Lima,Activo,1,1,False,2,4.5
EST-0232,Patricia,,Trujillo,,CC,7526047779,patricia.trujillo53@email.com,6028000939,"Calle 169 # 9-3, 087356, Malambo, Atlántico",1999-11-24,3.52,3.50;3.54,4,2,18,5,98,0.04,Al día,False,No,1,2967000.0,1,No trabaja,0,Ciudad cercana,Propia,23,Femenino,Ingeniería de Sistemas,Lima,Activo,0,2,True,0,3.6
EST-0233,Jennifer,Valentina,Martínez,,CC,4014729375,jennifer.martínez75@email.com,+573280756963,"Avenida Íquira # 29-68 Sur, 157110, Pajarito, Boyacá",2004-05-09,4.26,4.20;4.32,1,2,13,12,90,0.12,Pago parcial,False,No,5,591000.0,1,Medio tiempo,20,Ciudad cercana,Familiar,23,Femenino,Ingeniería de Sistemas,Juliaca,Activo,1,0,False,2,4.1
EST-0234,Luz,Eugenia,Salazar,Vergara,CC,4366181767,luz.salazar64@email.com,(+57)3285624316,"Cr. 5ª # 11P-2 Sur, 203711, El Copey, Cesar",2001-08-15,4.29,4.41;4.17,1,2,18,13,75,-0.24,Al día,False,No,4,929000.0,4,Medio tiempo,25,Ciudad cercana,Familiar,18,Masculino,Ingeniería de Sistemas,Pucallpa,Activo,0,0,False,3,5.0
EST-0235,Gilberto,,Arias,Aguilar,CC,2624953916,gilberto.arias47@email.com,(+57)6094052504,"Avenida carrera 175 # 48-9 Sur, 135525, Soplaviento, Bolívar",2008-08-05,4.38,4.26;4.51,0,2,18,18,90,0.25,Al día,False,Sí,2,872000.0,4,Medio tiempo,16,Misma ciudad,Arrendada,22,Femenino,Ingeniería de Sistemas,Tumbes,Activo,0,1,False,1,3.8
EST-0236,María,Marcela,Perdomo,Garzón,CC,7269366072,maría.perdomo77@email.com,3265222373,"Carrera 43S # 8-17, Local 247, 255268, Tabio, Cundinamarca",2006-06-09,3.63,3.74;3.52,5,2,12,0,70,-0.22,Pago parcial,True,No,3,1381000.0,5,Medio tiempo,18,Ciudad lejana,Arrendada,18,Femenino,Ingeniería de Sistemas,Cerro de Pasco,Desertor,0,1,False,0,3.4
EST-0237,Carmen,Carlos,Bastidas,Álvarez,CC,9336267198,carmen.bastidas88@email.com,57 301 332 64 94,"Transversal 1W # 64-9 Este, 085293, Candelaria, Atlántico",2004-02-17,3.38,3.39;3.65;3.46;3.08;3.47;3.19;3.43,3,7,20,13,97,0.24,Al día,False,No,1,4397000.0,3,Medio tiempo,16,Misma ciudad,Arrendada,28,Masculino,Ingeniería de Sistemas,Lima,Activo,0,4,False,1,4.4
EST-0238,María,Alejandra,Miranda,Sierra,TI,1490934482,maría.miranda10@email.com,+57 310 505 92 04,"Transversal 137 # 1-73 Este, Casa 53, 500465, El Dorado, Meta",2006-09-04,3.54,3.67;3.78;3.40;3.30,3,4,17,7,66,-0.1,Al día,False,No,5,789000.0,3,No trabaja,0,Misma ciudad,Propia,21,Masculino,Ingeniería de Sistemas,Lima,Activo,0,0,False,0,3.9
EST-0239,Enrique,,Pulido,Osorio,CC,3436496474,enrique.pulido45@email.com,1404334,"Transversal 149 # 83E-94 Sur, Etapa 6 apartamento 37, 850794, Recetor, Casanare",1998-10-06,3.54,3.64;3.33;3.65,5,3,13,0,80,0.32,Pago parcial,True,No,5,1190000.0,2,Medio tiempo,14,Ciudad cercana,Familiar,24,Masculino,Ingeniería de Sistemas,Jaén,Desertor,3,2,True,0,3.5
EST-0240,Dario,Nidia,Castañeda,Pineda,CC,1021816161,dario.castañeda43@email.com,+573219885569,"Avenida Molagavita # 1O-6, Local 94, 059650, Toledo, Antioquia",1998-04-30,3.9,3.81;3.99,3,2,15,4,86,0.18,Al día,False,Sí,4,1223000.0,2,Tiempo completo,40,Misma ciudad,Arrendada,19,Femenino,Ingeniería de Sistemas,Lima,Activo,0,1,False,0,5.0
EST-0241,Augusto,David,Quintero,Fernández,CC,4796296748,augusto.quintero15@email.com,608 500 58 82,"Av. calle 136 # 6-37 Este, Casa 70, 736611, Venadillo, Tolima",2006-03-08,3.35,3.48;3.60;3.56;3.28;3.25;3.33;3.10;3.22,5,8,15,0,55,0.12,Al día,False,No,1,1808000.0,2,Tiempo completo,46,Ciudad lejana,Arrendada,22,Masculino,Ingeniería de Sistemas,Huánuco,Desertor,1,1,False,0,4.2
EST-0242,Julieth,Valentina,Castillo,Flórez,CC,7694036268,julieth.castillo35@email.com,573271308538,"Cr. 117U # 7-2, 195439, Caldono, Cauca",2005-12-07,4.02,4.20;3.83;3.90;4.16,1,4,14,9,77,0.26,En mora,False,No,1,2621000.0,5,No trabaja,0,Misma ciudad,Propia,25,Masculino,Ingeniería de Sistemas,Bagua,Activo,0,0,False,3,3.6
EST-0243,José,,Quintero,González,CC,5308361023,josé.quintero25@email.com,6057061684,"Av. Norte de Santander # 6-67 Sur, Apartamento 553, 273080, Riosucio, Chocó",2003-02-26,3.73,3.86;3.63;3.70;3.74,2,4,17,13,82,0.04,Al día,False,No,4,1851000.0,2,No trabaja,0,Misma ciudad,Arrendada,17,Masculino,Ingeniería de Sistemas,Iquitos,Activo,1,0,False,0,3.3
EST-0244,Nubia,Rafael,Núñez,,CC,2114855793,nubia.núñez4@email.com,609 581 64 04,"Calle 7ª # 9-53 Sur, 687938, California, Santander",1995-04-12,3.28,3.39;3.26;3.23;3.22,5,4,16,0,60,-0.01,En mora,True,No,2,1210000.0,7,Tiempo completo,46,Misma ciudad,Familiar,19,Masculino,Ingeniería de Sistemas,Ayacucho,Desertor,0,1,False,0,4.3
EST-0245,Alexander,Paula,Gómez,García,CC,5077973253,alexander.gómez46@email.com,+573051338159,"Cr. 158 # 1-1 Sur, 154771, Oicatá, Boyacá",2007-02-28,3.88,3.98;4.11;3.90;3.51,2,4,20,13,83,-0.39,Al día,False,No,3,2230000.0,2,Medio tiempo,20,Misma ciudad,Propia,29,Femenino,Ingeniería de Sistemas,Chimbote,Activo,0,1,False,4,4.4
EST-0246,Tulia,,Reyes,Guerra,CC,6068028766,tulia.reyes84@email.com,+573194209913,"Cl. 151 # 63-27, 522238, Policarpa, Nariño",2000-11-20,3.16,3.07;3.26,5,2,14,1,46,0.19,En mora,True,No,1,1346000.0,4,Medio tiempo,25,Ciudad cercana,Arrendada,23,Masculino,Ingeniería de Sistemas,Chiclayo,Desertor,3,0,True,0,3.6
EST-0247,Cristina,Shirley,Bravo,Sánchez,CC,9564196301,cristina.bravo41@email.com,305 189 71 27,"Avenida carrera 139 # 71-82 Sur, Etapa 1 apartamento 5, 150294, Tópaga, Boyacá",1993-11-24,3.16,3.18;3.09;3.30;3.18;3.06,6,5,16,0,56,-0.12,Pago parcial,True,Sí,5,912000.0,2,Medio tiempo,25,Misma ciudad,Arrendada,23,Femenino,Ingeniería de Sistemas,Moquegua,Desertor,2,2,True,2,3.4
EST-0248,Lucía,John,Toro,,CC,2463231727,lucía.toro0@email.com,305 959 70 28,"Cl. 157C # 49-7 Este, 131826, María la Baja, Bolívar",2007-12-04,3.29,3.29,6,1,14,0,69,0.0,En mora,False,No,3,2568000.0,4,No trabaja,0,Ciudad lejana,Familiar,17,Femenino,Ingeniería de Sistemas,Lima,Desertor,2,2,False,1,2.9
EST-0249,Gabriela,Luis,Sepúlveda,Zapata,CC,3846707989,gabriela.sepúlveda72@email.com,(+57)3201717845,"Tr. 16 # 8-29 Sur, Torre 9 apartamento 916, 192218, Totoró, Cauca",2007-06-27,3.87,4.07;4.03;4.10;3.93;3.72;3.82;3.80;3.76;3.71;3.80,1,10,21,19,98,0.09,Al día,False,Sí,1,1492000.0,6,No trabaja,0,Ciudad lejana,Propia,20,Femenino,Ingeniería de Sistemas,Huaraz,Activo,0,0,False,2,4.2
EST-0250,Patricia,Yuli,Duque,Salamanca,CC,7312707172,patricia.duque84@email.com,(+57) 300 351 02 36,"Cr. 44N # 7-19, Apartamento 139, 158452, Paya, Boyacá",2004-09-09,3.96,3.97;3.95,1,2,17,14,72,-0.02,Al día,False,Sí,4,5153000.0,2,Medio tiempo,25,Misma ciudad,Arrendada,23,Femenino,Ingeniería de Sistemas,Piura,Activo,0,0,False,1,4.8
EST-0251,Dario,Ana,Pérez,,CC,7213581179,dario.pérez7@email.com,576084826286,"Cl. 1ª # 2-2 Este, 250708, Mosquera, Cundinamarca",2004-11-18,3.48,3.87;3.49;3.51;3.40;3.27;3.32,4,6,22,12,76,0.05,Al día,False,No,3,2260000.0,3,No trabaja,0,Ciudad lejana,Propia,24,Masculino,Ingeniería de Sistemas,Arequipa,Activo,1,0,False,3,4.6
EST-0252,Cristina,Nury,Díaz,Alzate,CC,8036602637,cristina.díaz15@email.com,329 286 64 66,"Carrera 7ª # 8-58, 528950, La Llanada, Nariño",2000-08-15,3.68,3.48;3.85;3.82;3.76;3.48,2,5,20,14,81,-0.28,Pago parcial,False,Sí,3,2742000.0,4,Tiempo completo,36,Misma ciudad,Arrendada,23,Masculino,Ingeniería de Sistemas,Lima,Activo,0,0,False,4,4.6
EST-0253,Enrique,José,Murillo,Acevedo,CC,9072708686,enrique.murillo25@email.com,57 328 324 92 49,"Cl. 149C Bis # 27-1, Oficina 15, 769318, Cartago, Valle del Cauca",2000-10-27,3.51,3.70;3.30;3.53,5,3,16,0,74,0.23,Al día,False,No,1,1541000.0,6,Medio tiempo,24,Ciudad lejana,Familiar,25,Masculino,Ingeniería de Sistemas,Sullana,Desertor,1,4,False,1,3.9
EST-0254,Daniela,Javier,Rojas,Torres,CC,8377386627,daniela.rojas45@email.com,+57 319 935 27 81,"Av. Claudia Ana Gómez # 18D-2 Este, 760022, Cartago, Valle del Cauca",2008-08-05,3.32,3.43;3.60;3.33;3.26;3.04;3.53;3.34;3.28;3.26;3.15,3,10,21,12,100,-0.11,En mora,False,Sí,5,2047000.0,4,Medio tiempo,22,Misma ciudad,Propia,17,Femenino,Ingeniería de Sistemas,Huancayo,Activo,0,1,False,2,4.2
EST-0255,María,Yolanda,Maldonado,Moreno,CC,6063360701,maría.maldonado41@email.com,573222514842,"Cl. 60 # 86-5, 502795, Barranca de Upía, Meta",1999-07-28,3.43,3.43,5,1,17,1,58,0.0,Pago parcial,True,No,1,1653000.0,6,Medio tiempo,26,Misma ciudad,Familiar,19,Masculino,Ingeniería de Sistemas,Abancay,Desertor,2,4,False,0,3.6
EST-0256,Andrés,,Manrique,Solano,CC,8605324205,andrés.manrique39@email.com,(+57)6017759207,"Av. calle 5ª # 78-2 Este, 548674, El Tarra, Norte de Santander",2004-10-09,4.21,4.38;4.28;4.22;4.16;4.03,1,5,21,18,77,-0.13,Al día,False,No,4,2370000.0,5,Medio tiempo,15,Ciudad lejana,Arrendada,25,Femenino,Ingeniería de Sistemas,Lima,Activo,0,1,False,2,4.0
EST-0257,Inés,,Acevedo,Martínez,CC,8458729641,inés.acevedo93@email.com,(+57)6043286140,"Carrera 2ª # 6-8 Sur, 157878, San Pablo de Borbur, Boyacá",1995-09-01,3.83,3.93;3.86;3.69,4,3,13,2,62,-0.17,En mora,False,No,4,537000.0,5,Medio tiempo,27,Ciudad cercana,Arrendada,22,Masculino,Ingeniería de Sistemas,Puerto Maldonado,Desertor,1,1,False,1,3.5
EST-0258,Consuelo,Enrique,Rivera,Escobar,CC,9277642601,consuelo.rivera91@email.com,(+57)3061117356,"Dg. 81 # 9-27, 057796, Santa Rosa de Osos, Antioquia",2004-10-22,4.11,4.11,1,1,17,15,66,0.0,Al día,True,No,2,1277000.0,3,Medio tiempo,11,Ciudad cercana,Arrendada,24,Masculino,Ingeniería de Sistemas,Moyobamba,Activo,1,0,False,3,4.8
EST-0259,David,,López,,CC,9045074681,david.lópez3@email.com,(+57)6056417576,"Av. carrera 29 # 55-24 Este, 158821, Tota, Boyacá",2005-04-17,3.49,3.49,3,1,16,8,80,0.0,Pago parcial,False,No,3,790000.0,4,Medio tiempo,16,Ciudad cercana,Familiar,18,Masculino,Ingeniería de Sistemas,Lima,Activo,0,0,False,3,4.0
EST-0260,José,,García,Bohórquez,CC,1455717510,josé.garcía34@email.com,018008466160,"Av. Córdoba # 2Y-81 Este, Casa 1, 052831, Olaya, Antioquia",2002-05-18,3.62,3.62,3,1,18,9,70,0.0,Al día,True,No,2,1518000.0,3,Medio tiempo,19,Misma ciudad,Familiar,18,Femenino,Ingeniería de Sistemas,Lima,Activo,0,2,False,2,4.7
EST-0261,Carlos,Marco,Martínez,,CC,1089704813,carlos.martínez4@email.com,+573199505795,"Cr. 138V # 81-42, 501501, Puerto Gaitán, Meta",2000-09-30,4.05,4.05,1,1,16,13,100,0.0,Al día,False,No,3,2005000.0,4,No trabaja,0,Misma ciudad,Familiar,20,Femenino,Ingeniería de Sistemas,Lima,Activo,0,0,False,3,4.3
EST-0262,Lorena,,Suárez,Correa,CC,2192209455,lorena.suárez15@email.com,604 201 38 32,"Cl. 33 # 35I-8, Local 70, 526644, Tangua, Nariño",2000-01-23,3.08,3.37;2.81;3.05,7,3,13,0,64,0.24,Pago parcial,True,No,3,1611000.0,6,No trabaja,0,Ciudad lejana,Familiar,22,Femenino,Ingeniería de Sistemas,Cajamarca,Desertor,0,1,True,0,3.8
EST-0263,Adriana,Fernanda,Suárez,,CC,5496173952,adriana.suárez46@email.com,(+57) 601 287 90 43,"Tr. 33 Bis R # 40-26, 548152, Silos, Norte de Santander",2007-09-17,3.89,4.25;4.03;3.94;4.08;3.96;3.93;3.67;3.56;3.58,2,9,22,16,95,0.02,Al día,False,No,2,774000.0,3,Tiempo completo,42,Misma ciudad,Arrendada,20,Femenino,Ingeniería de Sistemas,Lima,Activo,0,0,False,2,4.0
EST-0264,Luz,Ramiro,Mejía,Henao,CC,9864558481,luz.mejía53@email.com,325 447 70 88,"Cr. 27 # 9-8 Este, 252395, Tibacuy, Cundinamarca",2002-03-31,4.53,4.63;4.42,0,2,20,20,86,-0.21,En mora,False,No,4,1208000.0,2,Medio tiempo,17,Misma ciudad,Propia,20,Femenino,Ingeniería de Sistemas,Lima,Activo,1,1,False,6,3.8
EST-0265,Héctor,Ana,Lozano,,CC,7914147440,héctor.lozano36@email.com,327 958 84 64,"Cr. 46 # 2-3 Este, Apartamento 7, 058798, Necoclí, Antioquia",2007-01-22,3.58,3.51;3.78;3.52;4.04;3.37;3.29,3,6,22,11,86,-0.08,Al día,False,No,5,1980000.0,3,No trabaja,0,Misma ciudad,Propia,21,Femenino,Ingeniería de Sistemas,Tumbes,Activo,0,0,False,2,4.4
EST-0266,Carlos,Diego,Peña,Montoya,CC,1700783925,carlos.peña32@email.com,(+57) 304 132 28 13,"Cl. 42D # 38-59 Sur, Bodega 12, 130027, Clemencia, Bolívar",2001-06-25,2.72,2.85;2.74;2.56,7,3,10,0,60,-0.18,Al día,True,Sí,2,2625000.0,3,No trabaja,0,Ciudad lejana,Arrendada,29,Masculino,Ingeniería de Sistemas,Cerro de Pasco,Desertor,1,2,True,1,2.8
EST-0267,Andrés,Eduardo,Erazo,Carvajal,CC,5187248049,andrés.erazo68@email.com,018002752551,"Avenida calle 8ª # 9-6 Este, Casa 6, 526550, Iles, Nariño",2006-08-20,3.66,3.66,5,1,15,0,76,0.0,En mora,False,Sí,3,571000.0,3,Medio tiempo,10,Ciudad lejana,Propia,20,Femenino,Ingeniería de Sistemas,Lima,Desertor,0,1,True,1,2.7
EST-0268,Adalberto,Amparo,Cárdenas,Ruiz,CC,9357931228,adalberto.cárdenas91@email.com,3279268161,"Av. carrera 5ª # 1-7 Este, 278644, Atrato, Chocó",2002-04-30,3.89,4.17;4.06;3.93;3.89;3.77;3.90;3.78;3.64,1,8,18,16,86,-0.14,Al día,False,Sí,5,1666000.0,6,No trabaja,0,Misma ciudad,Propia,22,Masculino,Ingeniería de Sistemas,Lima,Activo,0,2,False,1,4.5
EST-0269,José,Martha,Vallejo,Rosero,CC,7760140743,josé.vallejo94@email.com,+576033492526,"Avenida calle 112 # 9M-2 Sur, Bodega 33, 545529, Puerto Santander, Norte de Santander",2006-07-10,4.09,4.16;3.98;4.30;4.01;3.98,1,5,21,18,85,-0.03,Al día,False,No,5,2222000.0,4,Tiempo completo,39,Misma ciudad,Arrendada,24,Masculino,Ingeniería de Sistemas,Jaén,Activo,2,3,True,2,4.9
EST-0270,Luis,María,Calderón,Montoya,CC,6071080745,luis.calderón85@email.com,57 314 263 55 14,"Carrera 151 # 42-8 Sur, Local 28, 527470, Albán, Nariño",2007-03-01,4.08,4.09;4.40;4.06;3.68;4.02;4.20;4.10,2,7,17,11,78,-0.1,Al día,False,Sí,3,1863000.0,2,No trabaja,0,Misma ciudad,Propia,21,Femenino,Ingeniería de Sistemas,Lima,Activo,0,0,False,0,4.4
EST-0271,José,,Rodríguez,,CC,3105518495,josé.rodríguez59@email.com,018000341759,"Carrera 70 # 51-44, 158430, Chita, Boyacá",1999-02-27,3.02,3.02,6,1,15,0,73,0.0,En mora,False,No,3,2287000.0,6,Tiempo completo,30,Ciudad lejana,Familiar,23,Femenino,Ingeniería de Sistemas,Huánuco,Desertor,1,2,True,1,3.5
EST-0272,Armando,Gina,López,Giraldo,CC,8474357940,armando.lópez11@email.com,3148901465,"Calle 60 # 36-5 Sur, Etapa 4 apartamento 4, 186244, La Montañita, Caquetá",2003-03-16,3.56,3.55;3.43;3.63;3.62;3.55,2,5,13,6,99,-0.07,Al día,False,No,4,1587000.0,4,Tiempo completo,50,Misma ciudad,Arrendada,16,Masculino,Ingeniería de Sistemas,Lima,Activo,1,3,False,3,4.6
EST-0273,Emerson,Alba,Herrera,Vélez,CC,4203425658,emerson.herrera81@email.com,9071098,"Carrera 25 Bis Q # 95-8 Este, 524092, Albán, Nariño",2005-04-16,3.72,4.02;3.91;3.68;3.58;3.55;3.56;3.71,3,7,21,13,97,0.15,Al día,False,Sí,2,823000.0,3,No trabaja,0,Misma ciudad,Familiar,19,Masculino,Ingeniería de Sistemas,Iquitos,Activo,0,0,False,1,4.2
EST-0274,María,Adriana,Herrera,Pabón,CC,6553347579,maría.herrera13@email.com,+573052266328,"Cr. 122U # 3-6 Sur, Apartamento 70, 706796, San Luis de Sincé, Sucre",1998-08-13,4.18,4.18,0,1,12,10,90,0.0,Al día,False,Sí,4,2432000.0,1,Medio tiempo,20,Misma ciudad,Arrendada,18,Femenino,Ingeniería de Sistemas,Ayacucho,Activo,0,0,False,1,3.8
EST-0275,John,,Molina,Castillo,CC,5369394657,john.molina6@email.com,57 608 124 96 75,"Cl. 19 Este # 5-2 Este, 253129, Quebradanegra, Cundinamarca",2004-12-01,4.35,4.35,0,1,16,16,88,0.0,Al día,False,Sí,5,2361000.0,2,Tiempo completo,30,Ciudad cercana,Arrendada,26,Masculino,Ingeniería de Sistemas,Lima,Activo,0,0,True,4,4.5
EST-0276,Valentina,Roberto,Lara,Cardona,CC,3040036916,valentina.lara69@email.com,321 973 34 75,"Avenida González # 57-4 Este, 154583, Jericó, Boyacá",2002-08-11,3.77,3.77,3,1,15,7,85,0.0,En mora,False,No,2,1414000.0,3,Medio tiempo,24,Ciudad cercana,Arrendada,17,Femenino,Ingeniería de Sistemas,Lima,Activo,1,1,False,3,4.4
EST-0277,Alfonso,Alba,Morales,,CC,9577931029,alfonso.morales27@email.com,573066076413,"Calle 34 # 8-7 Este, 977174, Papunahua, Vaupés",2000-05-07,3.48,3.48,5,1,14,0,68,0.0,Al día,True,No,3,969000.0,2,Tiempo completo,43,Ciudad cercana,Arrendada,19,Femenino,Ingeniería de Sistemas,Moquegua,Desertor,0,3,False,3,3.5
EST-0278,Miriam,José,Díaz,Leal,CC,5442166504,miriam.díaz61@email.com,+57 312 110 80 30,"Transversal 35 # 59-51 Sur, Apartamento 86, 154832, Socotá, Boyacá",2003-11-05,3.05,2.98;3.03;2.91;3.29,6,4,18,2,68,0.38,En mora,False,No,1,1542000.0,2,Tiempo completo,40,Ciudad cercana,Arrendada,19,Masculino,Ingeniería de Sistemas,Ica,Desertor,1,2,True,0,3.8
EST-0279,Ximena,Sergio,Torres,Ramos,CC,7888733135,ximena.torres5@email.com,(+57) 307 133 35 65,"Carrera 49 # 7-89 Sur, 737301, Flandes, Tolima",2001-08-14,3.89,3.90;4.05;3.80;3.92;3.76,3,5,18,10,100,-0.16,En mora,False,Sí,4,4191000.0,6,Medio tiempo,18,Misma ciudad,Propia,22,Masculino,Ingeniería de Sistemas,Huaraz,Activo,0,0,False,0,4.4
EST-0280,María,Alfonso,Martínez,Moreno,CC,4705554697,maría.martínez67@email.com,6031463624,"Calle 68 # 7-80 Este, Casa 3, 155002, Tipacoque, Boyacá",2004-09-22,3.76,3.59;4.07;3.79;3.57,3,4,19,10,70,-0.22,Al día,False,No,3,3248000.0,4,Medio tiempo,10,Misma ciudad,Propia,18,Masculino,Ingeniería de Sistemas,Lima,Activo,1,1,True,1,4.5
EST-0281,Josefina,,Flórez,Caballero,CC,3736247198,josefina.flórez23@email.com,573054741811,"Calle 95 # 2-16 Este, Oficina 3, 203275, La Jagua de Ibirico, Cesar",2004-08-17,3.7,3.57;3.97;3.72;3.82;4.02;3.56;3.50;3.53;3.61,2,9,19,14,96,0.08,Al día,False,No,2,1456000.0,2,Medio tiempo,20,Misma ciudad,Propia,16,Femenino,Ingeniería de Sistemas,Arequipa,Activo,0,1,False,1,4.0
EST-0282,Domingo,,Suárez,,CC,4122797089,domingo.suárez34@email.com,3172335504,"Carrera 182 # 98-1 Este, 279297, Sipí, Chocó",1995-08-19,2.75,2.70;3.06;2.85;2.62;2.66;2.64;2.70,7,7,15,0,64,0.06,En mora,True,Sí,2,1748000.0,3,Tiempo completo,31,Misma ciudad,Propia,25,Femenino,Ingeniería de Sistemas,Nazca,Desertor,2,2,True,2,3.6
EST-0283,Miguel,Felipe,Bolívar,Vega,CC,1905449188,miguel.bolívar74@email.com,(+57)3111572509,"Calle 50U # 6-8 Este, 730734, Prado, Tolima",2007-05-26,3.53,3.68;3.74;3.60;3.50;3.42;3.26,3,6,22,14,84,-0.16,Al día,False,Sí,6,5235000.0,3,Tiempo completo,47,Ciudad cercana,Arrendada,24,Femenino,Ingeniería de Sistemas,Lima,Activo,0,0,False,0,3.5
EST-0284,Adriana,Alejandra,Martínez,,CC,7810640405,adriana.martínez80@email.com,+573097982507,"Calle 82 # 6-8 Este, 053551, Jericó, Antioquia",2008-03-20,3.82,3.88;3.75,2,2,18,14,99,-0.13,Al día,False,No,3,2639000.0,3,Medio tiempo,25,Misma ciudad,Familiar,26,Femenino,Ingeniería de Sistemas,Lima,Activo,1,2,False,1,4.4
EST-0285,Mónica,Luz,Niño,González,CC,1058697428,mónica.niño47@email.com,3007464391,"Avenida carrera 6ª # 8-6, Apartamento 96, 192084, Villa Rica, Cauca",1999-06-24,3.62,3.58;3.66,2,2,15,8,81,0.08,Al día,False,Sí,3,1186000.0,2,Medio tiempo,24,Misma ciudad,Propia,18,Masculino,Ingeniería de Sistemas,Lima,Activo,1,1,True,1,4.7
EST-0286,Flor,,Pinto,,CC,3770943487,flor.pinto31@email.com,(+57) 601 140 01 99,"Carrera 176O # 98-75 Este, Casa 35, 170241, Chinchiná, Caldas",1995-10-13,3.67,3.75;3.93;3.73;4.02;3.62;3.50;3.50;3.49;3.46,4,9,19,6,87,-0.03,Al día,False,No,5,2259000.0,3,No trabaja,0,Ciudad cercana,Propia,17,Masculino,Ingeniería de Sistemas,Lima,Activo,0,0,False,5,4.3
EST-0287,Manuel,,González,Castro,CC,1827732546,manuel.gonzález79@email.com,+573088761062,"Av. San Miguel # 8-56 Este, Apto. 63, 196617, Guachené, Cauca",2005-02-14,4.07,4.42;4.05;4.13;3.82;3.84;4.14,1,6,17,16,87,0.3,Al día,True,Sí,3,2744000.0,4,No trabaja,0,Misma ciudad,Familiar,20,Femenino,Ingeniería de Sistemas,Lima,Activo,0,0,False,5,4.1
EST-0288,Yesid,,García,Campo,CC,7791509858,yesid.garcía58@email.com,573271416986,"Carrera 189S # 5-2 Sur, 154051, Ciénega, Boyacá",2007-08-27,3.97,3.97,1,1,15,14,95,0.0,Al día,False,No,4,796000.0,2,No trabaja,0,Misma ciudad,Familiar,18,Masculino,Ingeniería de Sistemas,Lima,Activo,1,0,False,2,4.7
EST-0289,Silvio,Ángel,Carvajal,Pérez,CC,9003416700,silvio.carvajal65@email.com,57 300 727 21 65,"Cr. 6E Bis # 5-39, 055351, Cisneros, Antioquia",2003-08-17,3.76,3.94;3.63;3.97;3.48;3.80,2,5,23,15,91,0.32,Al día,False,No,2,1529000.0,2,Medio tiempo,24,Ciudad cercana,Familiar,21,Femenino,Ingeniería de Sistemas,Lima,Activo,0,0,False,0,4.3
EST-0290,Ángela,María,Sánchez,Rendón,CC,2752646385,ángela.sánchez42@email.com,+57 309 749 10 30,"Cr. 45 # 6-56, Bodega 334, 700455, Coveñas, Sucre",2004-01-17,3.78,3.96;3.95;3.73;3.70;3.76;3.61,2,6,17,9,97,-0.15,Al día,False,Sí,5,2328000.0,2,Tiempo completo,37,Misma ciudad,Propia,20,Femenino,Ingeniería de Sistemas,Lima,Activo,0,0,False,3,4.4
EST-0291,Ferney,Omar,Acevedo,Vega,CC,6126797914,ferney.acevedo96@email.com,3049637930,"Calle 5T # 83-1, 524277, Samaniego, Nariño",2004-04-22,4.06,4.28;4.30;4.03;4.06;3.91;3.80,1,6,19,14,92,-0.11,Al día,False,Sí,1,1436000.0,2,Medio tiempo,20,Misma ciudad,Propia,16,Masculino,Ingeniería de Sistemas,Barranca,Activo,0,0,False,2,4.1
EST-0292,Yeison,,Fuentes,Andrade,CC,7822793051,yeison.fuentes19@email.com,325 658 83 49,"Calle 2ª # 37-27 Este, Torre 9 apartamento 6, 737636, Ibagué",2006-07-14,3.66,3.66,4,1,14,4,69,0.0,En mora,True,Sí,2,594000.0,4,Tiempo completo,40,Ciudad lejana,Arrendada,18,Femenino,Ingeniería de Sistemas,Cajamarca,Desertor,2,4,False,2,3.7
EST-0293,Álvaro,,Fuentes,López,CC,7328349137,álvaro.fuentes39@email.com,573039509310,"Cl. 7ª # 6-45, 445269, Hatonuevo, La Guajira",2001-12-12,3.64,3.81;3.66;3.62;3.48;3.79;3.71;3.58;3.74;3.37,4,9,20,10,88,-0.37,Al día,False,Sí,4,5140000.0,4,Medio tiempo,29,Misma ciudad,Propia,24,Femenino,Ingeniería de Sistemas,Juliaca,Activo,0,1,False,1,4.0
EST-0294,Daniel,,Arroyo,,CC,1582638762,daniel.arroyo53@email.com,+573144609907,"Calle 45 # 89L-5 Sur, 250763, Villa de San Diego de Ubaté, Cundinamarca",2002-07-31,4.19,4.24;4.04;4.28,1,3,18,17,89,0.24,Al día,False,Sí,3,2237000.0,4,Medio tiempo,21,Misma ciudad,Arrendada,18,Masculino,Ingeniería de Sistemas,Lima,Activo,1,1,False,4,4.0
EST-0295,Lorena,,González,,CC,1997339574,lorena.gonzález60@email.com,(+57)3205088550,"Cr. 56 # 41-22, Apto. 50, 259852, Granada, Cundinamarca",2008-03-10,3.68,3.70;4.17;3.68;3.45;3.51;3.56,3,6,20,12,92,0.05,Al día,True,Sí,2,3089000.0,1,Tiempo completo,33,Misma ciudad,Arrendada,19,Femenino,Ingeniería de Sistemas,Tumbes,Activo,0,2,False,4,5.0
EST-0296,Constanza,,Gutiérrez,Campo,CC,9063517261,constanza.gutiérrez4@email.com,(+57) 609 154 90 68,"Tr. 92 # 64-89 Sur, Casa 67, 234012, Puerto Libertador, Córdoba",2000-11-05,3.93,3.97;3.96;3.86,1,3,20,16,95,-0.1,Al día,False,Sí,1,1636000.0,2,No trabaja,0,Ciudad cercana,Propia,19,Otro,Ingeniería de Sistemas,Lima,Activo,0,0,False,3,4.1
EST-0297,Amanda,,Pacheco,,CC,4552585659,amanda.pacheco81@email.com,(+57)6094315997,"Avenida carrera 3ª # 82F-8 Sur, Casa 3, 547775, Durania, Norte de Santander",1997-04-04,4.0,3.97;4.31;4.16;4.18;4.09;3.83;3.71;3.78,2,8,21,14,71,0.07,En mora,False,Sí,5,2241000.0,4,No trabaja,0,Misma ciudad,Propia,21,Masculino,Ingeniería de Sistemas,Tacna,Activo,0,0,False,1,4.3
EST-0298,Virginia,,Burgos,Hernández,CC,3516043023,virginia.burgos14@email.com,57 601 853 54 05,"Calle 109A Bis M # 81-1, Apto. 1, 055066, Caldas, Antioquia",2003-04-24,3.53,3.73;3.53;3.47;3.51;3.60;3.36,3,6,21,11,83,-0.24,Al día,False,No,3,568000.0,3,No trabaja,0,Misma ciudad,Familiar,21,Masculino,Ingeniería de Sistemas,Lima,Activo,1,0,False,2,4.5
EST-0299,Katherine,,Soto,Calderón,CC,4394280994,katherine.soto67@email.com,(+57)3272679385,"Av. Paul Giraldo # 44-98, Casa 6, 850321, Sácama, Casanare",2004-09-04,3.79,3.79;4.00;3.73;3.89;3.74;3.57,2,6,20,14,95,-0.17,Al día,False,No,4,1973000.0,2,No trabaja,0,Misma ciudad,Familiar,25,Femenino,Ingeniería de Sistemas,Jaén,Activo,0,0,False,2,3.9
EST-0300,Carlos,,Díaz,Rodríguez,CC,9425356441,carlos.díaz71@email.com,573169177564,"Calle 61 Bis U # 81-2 Sur, 198533, Florencia, Cauca",2004-04-22,4.04,4.00;4.07,1,2,19,16,72,0.07,En mora,False,No,4,5523000.0,1,No trabaja,0,Ciudad cercana,Propia,26,Masculino,Ingeniería de Sistemas,Lima,Activo,2,2,False,2,4.0
EST-0301,Edwin,Gerardo,Molina,,CC,8019066645,edwin.molina6@email.com,(+57) 605 861 62 03,"Av. Walter Ortiz # 25-32 Este, 689922, Suratá, Santander",2002-01-21,4.54,4.82;4.83;4.58;4.27;4.19,0,5,17,16,76,-0.08,Al día,False,Sí,5,2123000.0,5,Tiempo completo,50,Ciudad lejana,Propia,21,Femenino,Ingeniería de Sistemas,Huánuco,Activo,0,1,False,3,4.3
EST-0302,Aura,,Sánchez,Hernández,CC,3793928833,aura.sánchez24@email.com,57 309 200 08 54,"Dg. 29 # 7-3 Este, 279684, Sipí, Chocó",2007-08-26,3.52,3.47;3.57,6,2,12,0,60,0.1,Pago parcial,True,No,3,1366000.0,4,Medio tiempo,21,Ciudad cercana,Arrendada,22,Masculino,Ingeniería de Sistemas,Bagua,Desertor,1,4,False,1,3.7
EST-0303,Edison,Margarita,Mejía,Bonilla,CC,9979514811,edison.mejía41@email.com,6022077321,"Cr. 3P # 1F-4 Este, Oficina 53, 867711, Valle del Guamuez, Putumayo",2003-04-15,4.25,4.44;4.42;4.06;4.35;4.00,1,5,19,18,90,-0.35,Al día,False,No,2,1942000.0,3,No trabaja,0,Ciudad cercana,Arrendada,25,Masculino,Ingeniería de Sistemas,Iquitos,Activo,0,0,False,0,5.0
EST-0304,Luz,,Rodríguez,Murillo,CC,4394589886,luz.rodríguez36@email.com,+573219418600,"Avenida Lozano # 63-63 Este, Torre 5 apartamento 77, 509603, Vistahermosa, Meta",2004-12-17,3.61,3.54;3.83;3.67;3.77;3.54;3.29,3,6,18,10,79,-0.25,Al día,False,Sí,1,3735000.0,6,Medio tiempo,18,Misma ciudad,Propia,18,Masculino,Ingeniería de Sistemas,Lima,Activo,1,0,False,3,4.4
EST-0305,Jorge,Javier,Salas,Acosta,CC,5300846394,jorge.salas96@email.com,+57 302 613 82 16,"Cl. 7D Sur # 30-2, 471005, Zona Bananera, Magdalena",1997-08-27,3.62,3.69;3.70;3.47,3,3,21,10,80,-0.23,Al día,False,Sí,4,1620000.0,3,Medio tiempo,25,Ciudad lejana,Familiar,20,Masculino,Ingeniería de Sistemas,Lima,Activo,0,0,True,4,4.2
EST-0306,Juan,,Fuentes,,CC,8945017837,juan.fuentes80@email.com,573100450262,"Avenida Vichada # 66-2 Este, Oficina 3, 993387, Puerto Carreño",2003-09-14,3.12,3.17;3.08,4,2,19,9,83,-0.09,Al día,False,Sí,5,719000.0,3,No trabaja,0,Misma ciudad,Propia,23,Masculino,Ingeniería de Sistemas,Lima,Activo,0,1,False,4,4.4
EST-0307,María,María,Rivas,,CC,5129548409,maría.rivas50@email.com,5654890,"Calle 8ª # 1-5 Sur, Bodega 18, 259909, Pacho, Cundinamarca",1994-10-04,2.76,2.76,8,1,9,0,57,0.0,Pago parcial,True,No,1,1734000.0,6,Tiempo completo,48,Ciudad lejana,Arrendada,21,Femenino,Ingeniería de Sistemas,Moquegua,Desertor,1,3,False,1,3.3
EST-0308,Julieth,,Méndez,Gómez,CC,3397817500,julieth.méndez37@email.com,+57 318 807 12 13,"Dg. 113F Sur # 47-76, 706248, El Roble, Sucre",2007-02-05,4.48,4.64;4.39;4.62;4.26;4.47,0,5,21,21,75,0.21,Al día,False,No,2,1317000.0,4,Medio tiempo,21,Misma ciudad,Propia,18,Femenino,Ingeniería de Sistemas,Ica,Activo,0,0,False,1,3.5
EST-0309,Ivonne,Vilma,Cuesta,,CC,7220102369,ivonne.cuesta58@email.com,3007898003,"Cr. 99Q # 42-9 Este, Apto. 52, 687553, Cepitá, Santander",2002-02-13,3.97,4.01;4.12;3.90;4.03;3.95;3.82,1,6,19,15,91,-0.13,Pago parcial,False,Sí,3,3119000.0,2,No trabaja,0,Misma ciudad,Propia,22,Masculino,Ingeniería de Sistemas,Huaraz,Activo,0,0,True,0,4.7
EST-0310,Anderson,,Chávez,Pérez,CC,2317256834,anderson.chávez86@email.com,(+57)6097280943,"Cl. 63 Bis I # 2-7, Local 10, 733227, Falan, Tolima",2003-05-09,4.4,4.43;4.70;4.26;4.20,1,4,16,15,80,-0.06,Al día,False,No,4,1132000.0,3,No trabaja,0,Ciudad cercana,Arrendada,19,Femenino,Ingeniería de Sistemas,Piura,Activo,1,1,False,3,5.0
EST-0311,Alberto,,Bravo,Prieto,CC,7196912923,alberto.bravo78@email.com,57 304 339 81 70,"Tr. 179 Este # 8-3, 528281, San Lorenzo, Nariño",2006-03-02,3.94,3.97;4.06;3.98;3.77,1,4,20,17,93,-0.21,Al día,False,No,4,2178000.0,3,No trabaja,0,Ciudad lejana,Propia,21,Masculino,Ingeniería de Sistemas,Arequipa,Activo,0,0,False,2,4.4
EST-0312,María,,Valencia,Ospina,CC,8233985459,maría.valencia32@email.com,+57 308 503 43 40,"Calle 65 # 3G-5, 706341, Santiago de Tolú, Sucre",2003-07-29,3.93,3.93,2,1,18,12,91,0.0,Al día,False,Sí,4,2219000.0,4,No trabaja,0,Misma ciudad,Propia,22,Masculino,Ingeniería de Sistemas,Nazca,Activo,0,2,False,4,4.6
EST-0313,Carlos,Marina,Gómez,Herrera,CC,8626315166,carlos.gómez91@email.com,+573231653946,"Calle 69 # 2-4 Este, Etapa 9 apartamento 68, 159856, Oicatá, Boyacá",1999-10-31,3.57,3.76;3.75;3.69;3.37;3.54;3.56;3.46;3.41,3,8,18,9,69,-0.05,Al día,False,No,2,1584000.0,2,No trabaja,0,Ciudad lejana,Propia,16,Femenino,Ingeniería de Sistemas,Lima,Activo,0,3,False,1,4.3
EST-0314,José,,Barrios,Rengifo,CC,7025386189,josé.barrios8@email.com,+573190608123,"Cr. 47P # 73-43 Este, Casa 52, 159647, Soracá, Boyacá",2003-12-14,4.12,4.48;4.30;3.91;4.04;4.07;4.01;4.01,1,7,20,18,93,0.0,Al día,False,No,6,1272000.0,2,Medio tiempo,16,Misma ciudad,Propia,21,Femenino,Ingeniería de Sistemas,Lima,Activo,0,0,False,1,4.0
EST-0315,José,,García,Perea,TI,6337706148,josé.garcía76@email.com,602 203 35 35,"Carrera 31 # 24Z-5 Este, 050185, Vegachí, Antioquia",2007-10-29,3.65,3.49;3.75;3.72;3.59;3.72,3,5,14,7,87,0.13,Al día,False,No,1,1135000.0,6,Tiempo completo,48,Misma ciudad,Arrendada,20,Masculino,Ingeniería de Sistemas,Abancay,Activo,0,1,False,1,3.8
EST-0316,Marcela,,Rodríguez,,CC,2587576751,marcela.rodríguez19@email.com,325 570 87 27,"Avenida carrera 13 # 4-6 Sur, 174625, Palestina, Caldas",2004-04-26,4.03,3.95;4.10,1,2,18,16,82,0.15,Pago parcial,False,No,5,2136000.0,2,No trabaja,0,Misma ciudad,Arrendada,21,Masculino,Ingeniería de Sistemas,Andahuaylas,Activo,1,1,False,5,4.7
EST-0317,Inés,,Giraldo,Hernández,CC,2891611146,inés.giraldo89@email.com,+576099249680,"Cl. 4E # 9-13, Etapa 3 apartamento 42, 258213, Viotá, Cundinamarca",2005-04-10,2.93,2.97;3.01;2.87;3.00;2.81,6,5,15,0,67,-0.19,Al día,False,No,4,1385000.0,3,Tiempo completo,30,Ciudad lejana,Arrendada,16,Femenino,Ingeniería de Sistemas,Puerto Maldonado,Desertor,2,2,True,0,3.7
EST-0318,Marcela,,Murillo,Acevedo,CC,4629479827,marcela.murillo29@email.com,573090625574,"Transversal 33 # 56F-56 Este, 275837, Bahía Solano, Chocó",2003-06-09,3.98,3.96;4.00;4.03;3.91,3,4,12,2,54,-0.12,Pago parcial,True,Sí,3,1577000.0,8,No trabaja,0,Misma ciudad,Propia,16,Femenino,Ingeniería de Sistemas,Lima,Desertor,1,1,False,0,3.0
EST-0319,Yolanda,Fernando,Castillo,,CC,1211759391,yolanda.castillo30@email.com,(+57) 300 993 68 34,"Carrera 74 # 7-2 Este, Etapa 3 apartamento 29, 251901, Villapinzón, Cundinamarca",2004-01-14,3.49,3.60;3.80;3.75;3.48;3.52;3.23;3.39;3.47;3.49;3.20,4,10,18,5,73,-0.29,Al día,False,No,1,3766000.0,4,Medio tiempo,16,Misma ciudad,Propia,18,Femenino,Ingeniería de Sistemas,Lima,Activo,0,1,True,2,4.2
EST-0320,Francisco,,Rodríguez,,CC,1202475331,francisco.rodríguez23@email.com,576032658007,"Cr. 12 # 8-6 Este, Apartamento 3, 209519, Río de Oro, Cesar",2007-11-25,3.87,4.08;3.95;3.57,3,3,15,6,54,-0.38,Al día,False,No,2,1446000.0,5,Tiempo completo,43,Ciudad lejana,Arrendada,16,Femenino,Ingeniería de Sistemas,Cusco,Desertor,1,3,True,0,4.2
EST-0321,Judith,,Pérez,,CC,7422245559,judith.pérez61@email.com,018002958933,"Cr. 33 # 2-1 Este, Casa 80, 765642, Ginebra, Valle del Cauca",2008-05-16,3.94,4.18;4.01;4.12;3.89;3.82;3.94;3.59,3,7,20,13,89,-0.35,Al día,False,Sí,3,7607000.0,2,No trabaja,0,Misma ciudad,Familiar,20,Otro,Ingeniería de Sistemas,Barranca,Activo,0,0,False,1,4.3
EST-0322,José,,Cruz,Vega,CC,3028394506,josé.cruz7@email.com,320 439 55 34,"Cr. 6ª # 4-67 Sur, Bodega 6, 253817, Ricaurte, Cundinamarca",2002-06-16,4.47,4.68;4.27,1,2,16,15,72,-0.41,Al día,False,No,2,2805000.0,5,No trabaja,0,Misma ciudad,Propia,24,Masculino,Ingeniería de Sistemas,Lima,Activo,0,1,False,7,4.0
EST-0323,Santiago,,Vásquez,Bermúdez,CC,9286859532,santiago.vásquez16@email.com,+576056633324,"Av. carrera 8ª # 72-98 Este, 057002, Murindó, Antioquia",2005-04-28,3.76,3.82;3.71,3,2,21,13,85,-0.11,Al día,False,Sí,4,2040000.0,4,Medio tiempo,21,Ciudad cercana,Propia,17,Femenino,Ingeniería de Sistemas,Juliaca,Activo,0,1,False,1,4.1
EST-0324,Socorro,Carolina,Prada,Ruiz,CC,9807602087,socorro.prada58@email.com,5427419,"Transversal 104M # 16-29, Casa 60, 419450, Saladoblanco, Huila",2008-03-26,3.86,4.05;3.79;3.72;3.88,2,4,18,10,92,0.16,Al día,False,No,3,2653000.0,1,No trabaja,0,Ciudad cercana,Propia,22,Masculino,Ingeniería de Sistemas,Pucallpa,Activo,0,0,False,2,4.3
EST-0325,José,Alberto,García,Álvarez,CC,2441341619,josé.garcía78@email.com,+57 304 071 86 47,"Cl. 31 # 11-7 Sur, Etapa 8 apartamento 50, 979076, Yavaraté, Vaupés",1998-01-10,3.64,3.94;3.54;3.65;3.42,4,4,17,5,66,-0.23,En mora,False,No,2,607000.0,2,Tiempo completo,30,Misma ciudad,Familiar,22,Femenino,Ingeniería de Sistemas,Tumbes,Desertor,2,4,False,2,3.4
EST-0326,Nancy,Olga,Salamanca,Toro,CC,5767103847,nancy.salamanca31@email.com,326 455 73 98,"Transversal 68 # 94-8, Apartamento 72, 055976, Anorí, Antioquia",2000-02-09,2.9,2.90,7,1,18,0,46,0.0,Pago parcial,True,No,3,1082000.0,6,No trabaja,0,Ciudad lejana,Propia,27,Masculino,Ingeniería de Sistemas,Cerro de Pasco,Desertor,2,2,True,5,3.9
EST-0327,Carlos,Andrés,López,Vásquez,CC,7432570206,carlos.lópez41@email.com,573183365550,"Carrera 3X # 5F-76, Local 9, 769665, San Pedro, Valle del Cauca",2006-06-26,4.04,4.05;4.19;4.35;4.21;3.88;4.12;3.66;3.90,2,8,20,12,80,0.24,En mora,False,Sí,2,3332000.0,2,Medio tiempo,23,Misma ciudad,Arrendada,20,Femenino,Ingeniería de Sistemas,Lima,Activo,0,1,False,3,3.9
EST-0328,Juan,Luis,Rico,Gómez,CC,1746047460,juan.rico90@email.com,(+57)3127978974,"Avenida carrera 31 # 35-5 Sur, 205892, San Diego, Cesar",2007-07-09,3.99,3.99,4,1,16,4,68,0.0,Pago parcial,True,No,2,621000.0,7,No trabaja,0,Ciudad lejana,Arrendada,26,Femenino,Ingeniería de Sistemas,Tarapoto,Desertor,2,1,True,0,4.0
EST-0329,Nancy,María,Rodríguez,Ortiz,CC,5813656142,nancy.rodríguez36@email.com,308 263 41 37,"Cl. 192 # 87-56 Este, Casa 44, 947733, Puerto Colombia, Guainía",2001-06-01,3.78,3.75;3.74;3.79;3.82;3.94;3.67;3.78,3,7,19,12,91,0.11,Pago parcial,False,No,2,2721000.0,1,No trabaja,0,Misma ciudad,Propia,20,Masculino,Ingeniería de Sistemas,Lima,Activo,0,1,True,1,4.0
EST-0330,Paola,,Velásquez,,CC,5360693576,paola.velásquez66@email.com,(+57)3237945484,"Av. calle 25 # 9M-6 Sur, Apto. 928, 687069, Rionegro, Santander",2002-05-16,4.33,4.49;4.17;4.32,1,3,17,13,90,0.15,Al día,False,Sí,5,1570000.0,3,No trabaja,0,Ciudad cercana,Propia,17,Femenino,Ingeniería de Sistemas,Lima,Activo,0,0,False,3,4.5
EST-0331,María,,Vargas,Rodríguez,CC,4951879275,maría.vargas96@email.com,(+57)3092382606,"Cr. 82M # 3-6 Este, Oficina 56, 953492, San José del Guaviare",1992-01-30,3.47,3.44;3.51,6,2,15,0,62,0.07,En mora,False,No,1,1366000.0,1,Medio tiempo,21,Ciudad lejana,Arrendada,24,Otro,Ingeniería de Sistemas,Lima,Desertor,0,2,True,1,3.6
EST-0332,Pablo,,García,Reyes,CC,2398180913,pablo.garcía55@email.com,523 70 64,"Av. Muñoz # 5-6 Sur, 138023, Turbaná, Bolívar",2000-05-05,3.5,3.48;3.53,5,2,14,0,49,0.05,En mora,False,Sí,4,1317000.0,5,No trabaja,0,Misma ciudad,Arrendada,25,Femenino,Ingeniería de Sistemas,Bagua,Desertor,1,5,True,0,3.5
EST-0333,James,Denis,Beltrán,Rodríguez,CC,4113960538,james.beltrán96@email.com,573287658158,"Av. calle 70 # 44-4 Sur, 735812, Villahermosa, Tolima",1999-09-12,4.03,4.03,3,1,10,0,64,0.0,En mora,True,No,2,1014000.0,4,Tiempo completo,43,Misma ciudad,Arrendada,19,Masculino,Ingeniería de Sistemas,Lima,Desertor,0,4,False,1,3.5
EST-0334,Antonio,,Perdomo,Romero,CC,3191997182,antonio.perdomo39@email.com,3160672,"Transversal 8ª # 9-16 Sur, 502181, La Macarena, Meta",2004-05-14,3.89,4.14;3.95;3.91;3.59;3.88,2,5,20,12,87,0.29,Al día,False,Sí,4,1328000.0,4,No trabaja,0,Misma ciudad,Propia,19,Otro,Ingeniería de Sistemas,Ayacucho,Activo,2,0,False,2,3.6
EST-0335,Esteban,Jesús,Villamizar,Lozano,CC,2452272431,esteban.villamizar3@email.com,573247221246,"Av. carrera 16 # 9O-3 Este, Oficina 60, 083314, Manatí, Atlántico",1998-06-12,3.38,3.51;3.36;3.26,6,3,17,1,57,-0.1,En mora,True,No,2,818000.0,5,Medio tiempo,25,Ciudad cercana,Arrendada,24,Femenino,Ingeniería de Sistemas,Chimbote,Desertor,1,5,True,0,3.7
EST-0336,Dany,,Bohórquez,Gómez,CC,3195842035,dany.bohórquez64@email.com,+573296139394,"Cr. 4V # 9-7, 686375, Girón, Santander",2002-03-31,3.63,3.60;3.88;3.42,3,3,17,9,89,-0.46,Al día,False,Sí,3,1196000.0,2,Medio tiempo,22,Misma ciudad,Familiar,20,Masculino,Ingeniería de Sistemas,Chiclayo,Activo,0,0,False,3,4.2
EST-0337,María,Margarita,Ramírez,Gómez,CC,7200063015,maría.ramírez34@email.com,+573000436258,"Av. carrera 1ª # 6-33, Etapa 2 apartamento 165, 682932, Páramo, Santander",2000-07-03,3.67,3.86;3.72;3.46;3.58;3.76;3.75;3.56,2,7,20,13,94,-0.19,Al día,False,Sí,2,1940000.0,2,Tiempo completo,50,Ciudad lejana,Propia,17,Masculino,Ingeniería de Sistemas,Lima,Activo,0,1,False,2,4.7
EST-0338,José,,Cruz,,CC,8506898446,josé.cruz69@email.com,3277182581,"Cl. 6ª # 95-48 Este, 442681, Fonseca, La Guajira",2005-04-03,4.17,4.29;4.17;4.04,0,3,18,18,91,-0.13,Pago parcial,False,No,5,2589000.0,2,Medio tiempo,17,Ciudad lejana,Arrendada,26,Masculino,Ingeniería de Sistemas,Ica,Activo,0,0,False,2,4.2
EST-0339,Richard,,Vega,Cortés,CC,1102743100,richard.vega68@email.com,+57 324 051 52 08,"Cr. 90 # 98-78, Apartamento 74, 735277, Natagaima, Tolima",2003-01-25,4.0,4.00,4,1,13,3,68,0.0,Pago parcial,True,No,2,1286000.0,3,Tiempo completo,49,Misma ciudad,Propia,20,Femenino,Ingeniería de Sistemas,Huaraz,Desertor,1,2,True,1,4.2
EST-0340,Dario,Judith,Meneses,,CC,6789171340,dario.meneses76@email.com,+576087526436,"Carrera 44 # 45-35, Casa 3, 273918, Condoto, Chocó",2004-12-30,3.58,3.72;3.52;3.51,3,3,20,13,89,-0.01,En mora,False,No,4,2173000.0,1,Tiempo completo,42,Ciudad lejana,Familiar,19,Masculino,Ingeniería de Sistemas,Piura,Activo,0,1,True,1,3.6
EST-0341,Andrés,Lorena,Maldonado,Vásquez,CC,7635301650,andrés.maldonado31@email.com,01 8009 653 419,"Carrera 39W Este # 70B-9, 852095, La Salina, Casanare",1998-02-28,4.18,4.18,3,1,10,1,79,0.0,En mora,True,No,4,1053000.0,3,Tiempo completo,40,Ciudad cercana,Propia,26,Masculino,Ingeniería de Sistemas,Arequipa,Desertor,0,1,False,2,4.0
EST-0342,Vanessa,Manuel,Cruz,Morales,CC,7363703387,vanessa.cruz28@email.com,(+57)3096905021,"Diagonal 165 # 2-9, Apto. 80, 635129, Calarcá, Quindío",1996-01-21,4.02,4.02,4,1,14,3,49,0.0,Pago parcial,False,Sí,2,700000.0,3,Tiempo completo,46,Ciudad cercana,Arrendada,18,Masculino,Ingeniería de Sistemas,Nazca,Desertor,0,2,True,0,3.9
EST-0343,Dario,,Méndez,Palacio,CC,1584550689,dario.méndez84@email.com,57 314 127 62 30,"Av. Flandes # 5-5, 524963, Albán, Nariño",2005-06-20,4.23,4.23,1,1,15,10,79,0.0,Al día,False,No,3,2186000.0,2,Tiempo completo,43,Ciudad cercana,Arrendada,23,Femenino,Ingeniería de Sistemas,Sullana,Activo,1,0,False,3,4.7
EST-0344,Diana,,Nieto,Aguilar,CC,6144696909,diana.nieto78@email.com,(+57) 306 727 54 26,"Cl. 129 Sur # 14-3, 191755, Caloto, Cauca",2002-10-11,3.07,3.07,7,1,12,0,62,0.0,Al día,False,No,3,310000.0,2,Tiempo completo,31,Ciudad cercana,Propia,24,Femenino,Ingeniería de Sistemas,Lima,Desertor,2,1,False,1,3.7
EST-0345,Diego,,Rodríguez,,CC,7284594292,diego.rodríguez57@email.com,(+57) 305 681 84 38,"Av. carrera 161 # 13I-3 Este, Oficina 98, 760653, Versalles, Valle del Cauca",2000-02-28,3.27,3.18;3.42;3.20,7,3,15,0,56,-0.22,Al día,True,No,3,1337000.0,2,Medio tiempo,20,Ciudad cercana,Arrendada,24,Femenino,Ingeniería de Sistemas,Abancay,Desertor,2,2,True,1,3.9
EST-0346,Eugenia,María,Toro,,CC,8909903255,eugenia.toro33@email.com,+57 319 090 77 44,"Av. carrera 5ª # 90-79, Etapa 1 apartamento 19, 200957, Becerril, Cesar",2003-11-04,4.03,4.30;4.32;3.99;4.02;3.96;3.75;3.85;4.04,2,8,17,12,100,0.19,Al día,False,No,4,1760000.0,4,No trabaja,0,Ciudad lejana,Arrendada,21,Otro,Ingeniería de Sistemas,Andahuaylas,Activo,0,0,False,3,4.2
EST-0347,Enith,Fernando,Giraldo,Suárez,CC,6859681178,enith.giraldo43@email.com,573202795539,"Carrera 8ª # 9-1, 252537, Chocontá, Cundinamarca",2000-11-16,3.7,3.76;3.53;3.92;3.60;3.81;3.56;3.72,3,7,21,11,92,0.16,Al día,False,No,5,1740000.0,1,Tiempo completo,50,Ciudad cercana,Propia,16,Masculino,Ingeniería de Sistemas,Lima,Activo,0,0,False,0,3.9
EST-0348,Elizabeth,Luisa,Villamil,Salazar,CC,1681786593,elizabeth.villamil97@email.com,(+57)6034618139,"Av. calle 4ª # 9-9, Local 577, 157507, Somondoco, Boyacá",2008-04-13,3.57,3.57,6,1,12,0,65,0.0,Al día,False,No,2,1186000.0,4,Tiempo completo,33,Ciudad cercana,Arrendada,16,Masculino,Ingeniería de Sistemas,Lima,Desertor,3,0,True,0,5.0
EST-0349,Jhon,,Pérez,,CC,6947376261,jhon.pérez55@email.com,+57 323 696 75 31,"Cr. 1X # 31B-57 Este, Apto. 70, 089308, Piojó, Atlántico",2006-06-17,3.75,3.92;3.80;3.53,2,3,15,8,68,-0.27,Al día,False,No,3,1273000.0,6,Medio tiempo,12,Misma ciudad,Arrendada,17,Femenino,Ingeniería de Sistemas,Lima,Activo,0,0,True,2,4.4
EST-0350,Raquel,,García,Marín,CC,1972140726,raquel.garcía79@email.com,(+57) 324 822 58 52,"Cl. 3K # 82-2 Sur, 680637, Coromoro, Santander",2005-08-18,4.2,4.23;4.18,0,2,14,14,75,-0.05,Al día,False,No,4,1665000.0,3,Medio tiempo,19,Ciudad lejana,Arrendada,18,Femenino,Ingeniería de Sistemas,Lima,Activo,0,0,False,2,4.3
EST-0351,Sonia,Candelaria,Rodríguez,,CC,1518332934,sonia.rodríguez90@email.com,+57 321 396 45 78,"Av. Magdalena # 11R-96 Este, 154010, Ciénega, Boyacá",2007-08-17,3.31,3.31,5,1,15,0,66,0.0,Pago parcial,False,No,1,1003000.0,6,No trabaja,0,Ciudad lejana,Familiar,24,Masculino,Ingeniería de Sistemas,Barranca,Desertor,0,4,False,2,4.0
EST-0352,Blanca,Jennifer,Benítez,Cruz,CC,1777808231,blanca.benítez74@email.com,573098812288,"Carrera 72O # 6-5, Casa 2, 138323, Cantagallo, Bolívar",2005-11-07,3.5,3.73;3.45;3.65;3.93;3.69;3.54;3.37;3.04;3.09,4,9,19,7,83,0.05,Pago parcial,False,No,3,8169000.0,5,Tiempo completo,50,Ciudad lejana,Arrendada,22,Femenino,Ingeniería de Sistemas,Cajamarca,Activo,1,4,True,3,4.2
EST-0353,Andrea,Alexander,Rodríguez,Bautista,CC,4289055471,andrea.rodríguez91@email.com,309 125 38 24,"Avenida carrera 93 # 5-8, Etapa 4 apartamento 8, 688266, Charta, Santander",2006-05-08,3.4,3.62;3.45;3.42;3.36;3.51;3.35;3.31;3.37;3.21,3,9,21,11,92,-0.16,Al día,False,No,4,2602000.0,5,No trabaja,0,Misma ciudad,Arrendada,16,Masculino,Ingeniería de Sistemas,Lima,Activo,1,1,False,5,3.6
EST-0354,León,Miguel,Salgado,Herrera,CC,5978727651,león.salgado54@email.com,+573065162673,"Av. calle 84 # 8-55, Local 60, 154977, Gámeza, Boyacá",2001-12-28,3.38,3.41;3.35,6,2,15,0,68,-0.06,Pago parcial,False,No,1,1018000.0,3,No trabaja,0,Ciudad cercana,Propia,22,Masculino,Ingeniería de Sistemas,Lima,Desertor,0,1,False,2,4.1
EST-0355,Hernán,Cecilia,Contreras,Mendoza,CC,1691880846,hernán.contreras66@email.com,3242598346,"Tr. 1K # 6-17 Este, 130307, San Martín de Loba, Bolívar",2000-04-08,4.21,4.35;4.30;4.09;4.27;4.04,1,5,19,14,87,-0.23,Al día,False,Sí,4,2868000.0,2,No trabaja,0,Misma ciudad,Familiar,23,Femenino,Ingeniería de Sistemas,Tumbes,Activo,1,0,False,1,4.2
EST-0356,Jorge,Daniel,Ochoa,Campo,CC,5837704019,jorge.ochoa20@email.com,+573173114860,"Calle 80 # 28F-3 Este, 766948, La Unión, Valle del Cauca",2004-04-20,4.37,4.64;4.10,0,2,16,16,100,-0.54,Al día,True,Sí,3,2104000.0,2,Medio tiempo,22,Ciudad lejana,Propia,20,Masculino,Ingeniería de Sistemas,Cerro de Pasco,Activo,1,0,False,4,4.4
EST-0357,Javier,Jhon,Mejía,,CC,1577805359,javier.mejía65@email.com,225 45 10,"Calle 162A # 44-58, Bodega 4, 132779, Norosí, Bolívar",2006-01-21,3.1,3.12;3.19;3.00,7,3,20,0,61,-0.19,En mora,True,No,4,2442000.0,4,Tiempo completo,30,Ciudad lejana,Arrendada,31,Femenino,Ingeniería de Sistemas,Tacna,Desertor,0,3,False,1,3.2
EST-0358,César,Ana,Guerrero,Estrada,CC,6486806883,césar.guerrero82@email.com,(+57) 604 278 45 82,"Avenida calle 7ª # 3-26, Oficina 242, 153761, Siachoque, Boyacá",2004-05-18,4.18,4.16;4.41;4.13;4.03,1,4,20,19,80,-0.1,Al día,True,Sí,3,3533000.0,3,Tiempo completo,50,Ciudad lejana,Arrendada,25,Masculino,Ingeniería de Sistemas,Lima,Activo,0,1,False,6,4.9
EST-0359,Martha,,Vanegas,Álvarez,CC,7450895841,martha.vanegas64@email.com,6016592273,"Carrera 2X # 3-58 Este, 151596, Pisba, Boyacá",2000-02-11,3.79,3.77;3.97;3.59;3.74;3.87,2,5,20,15,84,0.13,Al día,False,Sí,4,2284000.0,2,No trabaja,0,Misma ciudad,Propia,23,Femenino,Ingeniería de Sistemas,Lima,Activo,1,2,True,1,4.3
EST-0360,Claudia,Fredy,Rodríguez,,CC,7718703898,claudia.rodríguez94@email.com,+573286752988,"Carrera 29 # 61T-36 Este, Apto. 86, 199698, Páez, Cauca",2005-12-28,4.19,4.34;4.37;4.29;4.06;3.88,1,5,20,15,76,-0.18,Al día,False,No,3,4111000.0,3,Tiempo completo,44,Misma ciudad,Arrendada,20,Femenino,Ingeniería de Sistemas,Lima,Activo,0,0,True,3,3.6
EST-0361,Martín,Yerson,Sánchez,García,CC,9678835510,martín.sánchez74@email.com,305 763 51 12,"Calle 91 # 93-56, Local 92, 680121, Zapatoca, Santander",2006-04-08,4.01,4.13;3.81;4.09,1,3,16,12,99,0.28,Al día,True,Sí,5,1103000.0,4,Tiempo completo,31,Ciudad cercana,Propia,25,Femenino,Ingeniería de Sistemas,Huánuco,Activo,0,1,False,3,4.6
EST-0362,Carolina,Camilo,Morales,Pardo,CC,2051485393,carolina.morales30@email.com,01 8005 538 800,"Cr. 95Z # 43D-38, 682731, Coromoro, Santander",2001-09-01,3.59,3.59,3,1,20,9,80,0.0,Al día,False,No,1,3425000.0,5,No trabaja,0,Misma ciudad,Propia,23,Masculino,Ingeniería de Sistemas,Bagua,Activo,1,1,False,2,3.6
EST-0363,Hernán,Miguel,García,Angarita,CC,1621704585,hernán.garcía91@email.com,300 844 27 48,"Av. González # 19-2 Sur, 192486, Timbiquí, Cauca",2004-04-21,3.69,4.00;3.62;3.76;3.49;3.53;3.76,2,6,18,10,78,0.23,Pago parcial,False,No,5,2041000.0,2,No trabaja,0,Misma ciudad,Arrendada,23,Femenino,Ingeniería de Sistemas,Lima,Activo,0,0,False,3,4.5
EST-0364,Fernando,Rafael,Molina,,CC,3898886905,fernando.molina55@email.com,57 601 714 60 06,"Carrera 186 # 6-6 Sur, Torre 2 apartamento 216, 667396, Santa Rosa de Cabal, Risaralda",1999-06-23,3.42,3.74;3.15;3.37,5,3,14,0,68,0.22,Al día,False,No,2,556000.0,5,Medio tiempo,13,Ciudad lejana,Arrendada,19,Femenino,Ingeniería de Sistemas,Ayacucho,Desertor,1,1,True,1,3.7
EST-0365,Cecilia,,González,Osorio,CC,4055087018,cecilia.gonzález36@email.com,018000902219,"Transversal 180T # 35-3 Este, Local 337, 056972, Vigía del Fuerte, Antioquia",2004-04-21,3.73,3.81;3.96;3.63;3.68;3.67;3.83;3.50,3,7,22,11,84,-0.33,En mora,False,Sí,3,1331000.0,6,No trabaja,0,Ciudad lejana,Arrendada,20,Masculino,Ingeniería de Sistemas,Chimbote,Activo,0,0,False,1,3.6
EST-0366,Luz,,Osorio,,CC,2493639768,luz.osorio0@email.com,+57 324 819 77 34,"Av. José Cruz Silva # 5-73 Sur, Casa 8, 195994, Inzá, Cauca",2000-11-17,3.89,3.86;3.98;3.84,2,3,15,11,100,-0.14,Al día,False,No,3,1380000.0,1,Tiempo completo,30,Ciudad cercana,Arrendada,17,Masculino,Ingeniería de Sistemas,Lima,Activo,0,0,False,3,4.4
EST-0367,Mónica,Andrea,Ramos,,CC,8654556270,mónica.ramos13@email.com,576065393373,"Av. calle 180 # 1-9, 540940, Hacarí, Norte de Santander",2005-10-24,3.12,3.48;3.26;3.25;3.10;3.02;2.99;2.76,6,7,17,1,84,-0.23,Pago parcial,True,No,2,1473000.0,3,Tiempo completo,30,Ciudad cercana,Arrendada,24,Femenino,Ingeniería de Sistemas,Moquegua,Desertor,0,3,True,1,3.1
EST-0368,Alberto,Yineth,Ramírez,Contreras,CC,5642939555,alberto.ramírez93@email.com,6017940127,"Av. calle 176 # 5T-26, Torre 7 apartamento 50, 150285, Coper, Boyacá",2004-01-17,3.48,3.29;3.66,3,2,15,8,78,0.37,Al día,False,Sí,5,2863000.0,2,No trabaja,0,Misma ciudad,Propia,20,Masculino,Ingeniería de Sistemas,Ica,Activo,0,0,False,0,3.7
EST-0369,Mario,Liliana,Buitrago,,CC,6826820405,mario.buitrago57@email.com,6063251111,"Carrera 48 # 9-59 Este, 509462, La Macarena, Meta",2004-06-18,3.69,3.91;3.56;3.62;3.75;3.63,3,5,16,5,92,-0.12,Al día,False,No,2,1929000.0,1,No trabaja,0,Ciudad lejana,Familiar,25,Femenino,Ingeniería de Sistemas,Lima,Activo,1,0,False,4,4.0
EST-0370,Pilar,Ana,Martínez,Quintero,CC,2566200132,pilar.martínez65@email.com,+57 605 166 58 37,"Carrera 51 # 5-3, 859822, Paz de Ariporo, Casanare",2007-07-23,4.37,4.24;4.28;4.46;4.59;4.34;4.33,0,6,17,17,73,-0.01,Al día,False,Sí,4,1025000.0,2,No trabaja,0,Misma ciudad,Arrendada,20,Femenino,Ingeniería de Sistemas,Piura,Activo,0,0,False,1,4.1
EST-0371,Johanna,Carlos,Pérez,Ruiz,CC,8791246687,johanna.pérez9@email.com,+57 321 073 87 38,"Avenida Belalcázar # 73-7 Este, 158083, Ciénega, Boyacá",2007-09-24,3.95,3.95,2,1,14,7,88,0.0,Pago parcial,False,Sí,3,1199000.0,2,Tiempo completo,39,Misma ciudad,Arrendada,19,Masculino,Ingeniería de Sistemas,Arequipa,Activo,0,0,False,3,3.8
EST-0372,Yamile,,Díaz,,CC,3408699346,yamile.díaz70@email.com,323 905 47 38,"Tr. 175 # 26-67 Este, 259375, Tocancipá, Cundinamarca",1998-10-13,3.91,3.97;4.06;3.71,4,3,13,3,62,-0.35,En mora,True,No,2,994000.0,4,No trabaja,0,Misma ciudad,Arrendada,32,Femenino,Ingeniería de Sistemas,Nazca,Desertor,1,2,False,2,4.0
EST-0373,Álvaro,,Osorio,,CC,5658027481,álvaro.osorio57@email.com,(+57) 609 908 65 78,"Cr. 7 Bis # 9-92, Apartamento 7, 685853, El Guacamayo, Santander",2002-08-22,2.82,2.92;2.73,7,2,15,0,49,-0.19,En mora,False,No,5,2488000.0,2,Tiempo completo,50,Ciudad cercana,Familiar,24,Femenino,Ingeniería de Sistemas,Sullana,Desertor,3,2,True,0,4.2
EST-0374,Óscar,,Fuentes,Correa,CC,3787598921,óscar.fuentes17@email.com,+573141446174,"Av. Santander # 25-19, 275214, Medio Baudó, Chocó",2007-06-23,4.27,4.44;4.54;4.53;4.49;4.11;4.25;3.99;4.55;3.90;3.93,0,10,18,18,100,0.03,Al día,False,Sí,3,1364000.0,1,No trabaja,0,Misma ciudad,Familiar,18,Masculino,Ingeniería de Sistemas,Huancayo,Activo,1,0,False,0,3.9
EST-0375,Viviana,,Álvarez,Díaz,CC,3611943573,viviana.álvarez29@email.com,57 604 324 82 65,"Cl. 51 # 1-33 Este, 411573, La Plata, Huila",2004-07-04,3.4,3.27;3.52;3.46;3.36,3,4,19,12,88,-0.1,Al día,False,No,2,3077000.0,2,No trabaja,0,Misma ciudad,Arrendada,21,Femenino,Ingeniería de Sistemas,Lima,Activo,0,0,False,1,4.2
EST-0376,Patricia,,Peña,Bermúdez,CC,1837939486,patricia.peña67@email.com,(+57)3280528084,"Cr. 88 # 66-7 Este, Casa 14, 666757, Apía, Risaralda",2000-06-09,3.77,3.77,2,1,18,14,71,0.0,Al día,False,No,3,1286000.0,10,Medio tiempo,19,Ciudad lejana,Arrendada,16,Femenino,Ingeniería de Sistemas,Lima,Activo,0,0,True,5,4.1
EST-0377,Elsy,,Perea,,CC,7938933301,elsy.perea97@email.com,319 619 32 29,"Dg. 67 Sur # 7-5 Sur, 276505, Lloró, Chocó",2007-10-11,3.72,3.61;3.84,3,2,19,8,89,0.23,En mora,False,Sí,4,2252000.0,4,Tiempo completo,37,Misma ciudad,Arrendada,24,Femenino,Ingeniería de Sistemas,Puerto Maldonado,Activo,1,0,True,2,3.7
EST-0378,Juan,Agustín,Ocampo,Camargo,CC,7889325209,juan.ocampo37@email.com,(+57)3219369254,"Carrera 26 # 49-82 Sur, 252948, Ubalá, Cundinamarca",2008-05-24,4.26,4.43;4.32;4.48;4.23;4.11;3.98,1,6,21,18,98,-0.13,En mora,False,No,2,3962000.0,4,No trabaja,0,Misma ciudad,Familiar,20,Masculino,Ingeniería de Sistemas,Lima,Activo,0,1,False,1,4.2
EST-0379,José,,González,Fernández,CC,1254751025,josé.gonzález95@email.com,(+57)6013215007,"Cl. 121C Este # 3G-83 Este, 681880, Oiba, Santander",2006-07-22,3.96,3.98;3.82;4.24;3.82,1,4,18,14,65,-0.42,Al día,False,No,3,5211000.0,4,No trabaja,0,Misma ciudad,Arrendada,16,Masculino,Ingeniería de Sistemas,Lima,Activo,0,0,False,1,4.4
EST-0380,Jesús,,Rivera,Erazo,CC,3189802667,jesús.rivera44@email.com,+573244216612,"Cl. 16 # 72-82 Sur, 158296, Chinavita, Boyacá",1996-07-17,3.62,3.70;3.62;3.89;3.85;3.67;3.48;3.46;3.32,4,8,15,4,55,-0.14,En mora,True,No,2,1206000.0,3,Medio tiempo,22,Misma ciudad,Familiar,24,Femenino,Ingeniería de Sistemas,Cusco,Desertor,1,4,True,0,4.1
EST-0381,Laura,Carolina,Rodríguez,Salas,CC,3935398683,laura.rodríguez58@email.com,(+57) 313 953 44 65,"Calle 44 # 4-3 Sur, 524149, Cumbal, Nariño",2003-06-29,4.1,4.10,2,1,15,7,88,0.0,Al día,False,Sí,3,5365000.0,2,Tiempo completo,40,Misma ciudad,Arrendada,21,Femenino,Ingeniería de Sistemas,Lima,Activo,0,0,False,1,4.3
EST-0382,Patricia,,Salas,,CC,5634161444,patricia.salas61@email.com,(+57) 603 882 03 10,"Calle 15 # 17-24 Este, Etapa 1 apartamento 60, 259511, Fusagasugá, Cundinamarca",2001-03-19,3.97,4.04;3.99;3.87,1,3,17,14,77,-0.12,Al día,False,No,4,1598000.0,7,Tiempo completo,30,Misma ciudad,Familiar,23,Masculino,Ingeniería de Sistemas,Lima,Activo,0,0,False,1,3.9
EST-0383,Diego,Brayan,Rojas,Rojas,CC,3944959918,diego.rojas77@email.com,573026495443,"Cl. 48 # 15-39 Este, 252291, Tocancipá, Cundinamarca",2007-07-20,3.63,3.73;3.79;3.43;3.56,2,4,17,11,78,0.13,Al día,False,Sí,5,1410000.0,4,No trabaja,0,Ciudad cercana,Propia,21,Masculino,Ingeniería de Sistemas,Lima,Activo,0,0,False,3,4.5
EST-0384,Jimmy,,Díaz,,CC,1450618731,jimmy.díaz90@email.com,(+57)3198265530,"Calle 7ª # 7-54 Sur, 274181, Quibdó",2005-09-19,3.45,3.45,5,1,12,0,68,0.0,En mora,True,Sí,2,1069000.0,4,Tiempo completo,45,Misma ciudad,Propia,20,Femenino,Ingeniería de Sistemas,Lima,Desertor,2,2,False,1,3.4
EST-0385,Betty,Andrea,Torres,,CC,9145139447,betty.torres10@email.com,+573289424593,"Carrera 90 # 75-8 Este, Torre 3 apartamento 798, 736049, Lérida, Tolima",2002-01-24,4.2,4.42;4.25;3.94,1,3,18,13,77,-0.31,Al día,False,No,2,1301000.0,2,No trabaja,0,Ciudad cercana,Arrendada,17,Femenino,Ingeniería de Sistemas,Tumbes,Activo,0,0,False,0,3.7
EST-0386,Inés,Mónica,Henao,Álvarez,CC,4540476956,inés.henao32@email.com,3153717619,"Cl. 6ª # 77-96 Este, 479560, Santa Marta",2003-03-20,4.19,4.15;4.16;4.27,1,3,17,13,95,0.11,Al día,False,No,5,3192000.0,2,Medio tiempo,21,Misma ciudad,Propia,23,Masculino,Ingeniería de Sistemas,Cerro de Pasco,Activo,0,0,False,2,3.8
EST-0387,Isabel,Fabio,Vargas,Escobar,CC,8999880615,isabel.vargas54@email.com,(+57) 309 895 46 53,"Cl. 166X # 7X-55 Sur, Torre 4 apartamento 47, 768529, Caicedonia, Valle del Cauca",1998-09-22,3.34,3.53;3.51;3.20;3.12,5,4,13,0,59,-0.08,Al día,True,No,2,831000.0,6,Tiempo completo,34,Misma ciudad,Arrendada,20,Masculino,Ingeniería de Sistemas,Lima,Desertor,0,6,True,0,3.3
EST-0388,Patricia,Erika,Moreno,Durán,CC,3788957632,patricia.moreno84@email.com,8253101,"Avenida calle 160 # 71-19, Torre 1 apartamento 74, 686818, Guapotá, Santander",2003-10-13,3.78,3.98;3.72;3.78;3.89;3.84;3.59;3.67,3,7,19,8,83,0.08,Al día,False,No,5,851000.0,3,Medio tiempo,24,Misma ciudad,Arrendada,20,Masculino,Ingeniería de Sistemas,Lima,Activo,0,0,False,1,5.0
EST-0389,Elías,Maritza,Muñoz,Vargas,CC,5063157707,elías.muñoz93@email.com,01 8005 386 436,"Diagonal 34 Bis T # 60-1, 153196, Nuevo Colón, Boyacá",2000-01-21,3.28,3.45;3.19;3.21,6,3,14,0,59,0.02,En mora,True,No,1,875000.0,5,Tiempo completo,38,Ciudad lejana,Familiar,22,Masculino,Ingeniería de Sistemas,Jaén,Desertor,1,2,True,0,3.7
EST-0390,María,,González,Hernández,CC,4880020960,maría.gonzález36@email.com,+573054987535,"Carrera 139 # 93-80 Este, Torre 6 apartamento 2, 549034, Labateca, Norte de Santander",2001-06-15,3.65,3.65,5,1,14,0,71,0.0,En mora,True,No,1,961000.0,3,Medio tiempo,25,Misma ciudad,Familiar,23,Masculino,Ingeniería de Sistemas,Puno,Desertor,0,1,True,1,3.3
EST-0391,Karen,María,Aguirre,Parada,CC,7330856032,karen.aguirre0@email.com,3124614086,"Cl. 3J Bis # 34K-7 Este, Bodega 772, 059577, Amalfi, Antioquia",2001-04-03,4.27,4.37;4.30;4.14,1,3,20,18,78,-0.16,Al día,False,No,3,2911000.0,1,Medio tiempo,22,Ciudad cercana,Propia,16,Masculino,Ingeniería de Sistemas,Huánuco,Activo,0,0,False,4,3.8
EST-0392,Angélica,,Puentes,Palacio,CC,1116061267,angélica.puentes45@email.com,57 604 962 34 63,"Cr. 179 # 4-6 Sur, 150973, Aquitania, Boyacá",2001-05-15,4.0,4.12;3.88,1,2,17,12,83,-0.24,Al día,True,No,5,1271000.0,3,Medio tiempo,10,Misma ciudad,Propia,18,Femenino,Ingeniería de Sistemas,Bagua,Activo,0,0,True,1,4.2
EST-0393,Cecilia,Isabel,Díaz,,CC,7781243799,cecilia.díaz57@email.com,(+57) 311 768 25 91,"Cl. 176Q # 50-3, Local 542, 475913, Santa Marta",2008-04-17,3.87,4.16;3.72;3.73,1,3,17,13,81,0.01,Al día,False,No,2,1089000.0,2,Tiempo completo,36,Misma ciudad,Arrendada,16,Otro,Ingeniería de Sistemas,Iquitos,Activo,0,0,False,3,4.6
EST-0394,Liliana,,Pinto,Prada,CC,7057202388,liliana.pinto91@email.com,(+57) 302 312 45 21,"Calle 97 # 97-4 Sur, 197887, Santander de Quilichao, Cauca",2007-10-01,4.28,4.46;4.29;4.18;4.34;4.13,0,5,15,15,93,-0.21,Al día,False,Sí,5,2870000.0,3,Tiempo completo,31,Ciudad lejana,Propia,20,Femenino,Ingeniería de Sistemas,Ayacucho,Activo,2,0,False,1,4.6
EST-0395,Aldemar,,Murillo,Márquez,CC,4663799412,aldemar.murillo32@email.com,576061046077,"Dg. 152 # 80-83, Casa 8, 150248, Villa de Leyva, Boyacá",1996-12-10,3.4,3.40,5,1,15,2,47,0.0,En mora,True,No,1,825000.0,5,Medio tiempo,19,Misma ciudad,Propia,27,Masculino,Ingeniería de Sistemas,Lima,Desertor,4,4,False,0,3.8
EST-0396,Rocío,Alberto,Ortega,,CC,3309451727,rocío.ortega66@email.com,+573291559249,"Cr. 3C Bis X # 51-27 Sur, Local 4, 150647, Santana, Boyacá",2000-01-24,4.15,4.31;4.16;4.23;4.12;3.93,2,5,18,10,61,-0.19,Al día,False,No,4,1537000.0,3,Tiempo completo,39,Misma ciudad,Familiar,16,Femenino,Ingeniería de Sistemas,Lima,Activo,1,1,False,3,4.1
EST-0397,William,,Rojas,,CC,5866565920,william.rojas1@email.com,(+57) 310 563 93 99,"Cl. 51 Este # 5W-1 Sur, 543455, El Carmen, Norte de Santander",2005-12-03,3.95,3.95;3.97;3.92,3,3,16,9,57,-0.05,En mora,True,Sí,2,1938000.0,4,Tiempo completo,46,Ciudad lejana,Arrendada,24,Femenino,Ingeniería de Sistemas,Moquegua,Desertor,3,1,True,0,3.6
EST-0398,Alejandra,Adiela,Yepes,Ortiz,CC,8802469022,alejandra.yepes54@email.com,573134324880,"Cl. 3ª # 1F-9, Casa 8, 153196, Siachoque, Boyacá",2008-02-29,3.83,3.98;3.68,4,2,13,0,55,-0.3,En mora,True,No,1,740000.0,4,Tiempo completo,44,Misma ciudad,Familiar,31,Masculino,Ingeniería de Sistemas,Ica,Desertor,1,3,False,0,3.8
EST-0399,Olga,Leticia,Castillo,,CC,6190906574,olga.castillo62@email.com,+573244805992,"Carrera 171O # 8-7, 544099, San José de Cúcuta",2002-08-22,4.11,4.21;4.33;4.08;4.04;3.88;4.13,1,6,20,15,84,0.25,Al día,False,No,3,1002000.0,2,Medio tiempo,20,Misma ciudad,Arrendada,16,Otro,Ingeniería de Sistemas,Huaraz,Activo,0,0,False,2,4.2
EST-0400,Jesús,,Ramírez,Villamil,CC,7339538588,jesús.ramírez79@email.com,(+57) 314 185 79 58,"Avenida carrera 100 # 83-4 Sur, Etapa 2 apartamento 5, 155056, Nuevo Colón, Boyacá",2000-08-18,3.65,4.02;3.80;3.57;3.71;3.60;4.09;3.56;3.41;3.63;3.09,3,10,24,15,68,-0.54,Al día,False,No,3,3084000.0,1,No trabaja,0,Misma ciudad,Arrendada,20,Masculino,Ingeniería de Sistemas,Lima,Activo,0,0,False,2,4.2
EST-0401,Luz,Lucila,Soto,,CC,6367233810,luz.soto37@email.com,(+57)3080619635,"Cr. 85 # 22-5, Casa 8, 259471, Chipaque, Cundinamarca",1998-04-10,4.49,4.49,0,1,15,14,79,0.0,Pago parcial,False,No,2,2094000.0,2,Tiempo completo,36,Misma ciudad,Familiar,20,Femenino,Ingeniería de Sistemas,Arequipa,Activo,0,0,False,3,4.2
EST-0402,Yolima,,Gutiérrez,Pinzón,CC,2359631085,yolima.gutiérrez75@email.com,+573133219349,"Cr. 6ª # 6A-3, 256486, Choachí, Cundinamarca",2001-08-21,4.28,4.56;4.42;4.10;4.05,1,4,15,13,88,-0.05,Pago parcial,False,No,5,1107000.0,1,Medio tiempo,14,Ciudad lejana,Propia,16,Femenino,Ingeniería de Sistemas,Lima,Activo,0,1,False,4,4.1
EST-0403,Miguel,,Martínez,Aguirre,CC,1618224019,miguel.martínez98@email.com,576083048228,"Avenida Karina Rodríguez Sánchez # 4-40 Este, Apto. 587, 171525, Manizales",2005-02-05,3.55,3.68;3.72;3.75;3.63;3.50;3.33;3.23,3,7,20,13,88,-0.1,Al día,True,No,3,2650000.0,1,Medio tiempo,17,Misma ciudad,Propia,22,Masculino,Ingeniería de Sistemas,Lima,Activo,2,0,False,3,3.8
EST-0404,Mario,José,Rodríguez,,CC,6471839376,mario.rodríguez24@email.com,(+57) 605 708 98 83,"Cl. 125 # 8I-60 Este, 682202, Santa Bárbara, Santander",2006-02-11,3.64,3.94;3.73;3.45;3.97;3.56;3.57;3.52;3.36,2,8,24,20,93,-0.16,Al día,False,No,3,1634000.0,2,Tiempo completo,42,Misma ciudad,Propia,19,Masculino,Ingeniería de Sistemas,Huancayo,Activo,0,1,False,1,4.8
EST-0405,Marcela,,Morales,Restrepo,CC,2684349167,marcela.morales47@email.com,3149471603,"Cl. 10 # 4-3, Oficina 1, 258130, Junín, Cundinamarca",2001-05-16,3.39,3.39,5,1,14,0,49,0.0,En mora,False,Sí,1,2226000.0,2,Medio tiempo,17,Misma ciudad,Arrendada,20,Masculino,Ingeniería de Sistemas,Lima,Desertor,1,2,True,3,3.4
EST-0406,Gonzalo,,Álvarez,Ávila,CC,3721617572,gonzalo.álvarez42@email.com,3137865903,"Carrera 67 # 5-1 Sur, 683277, Suaita, Santander",2004-07-21,4.03,3.97;3.75;4.08;4.26;4.10,1,5,19,15,96,-0.16,Al día,False,No,3,986000.0,2,No trabaja,0,Misma ciudad,Familiar,23,Masculino,Ingeniería de Sistemas,Andahuaylas,Activo,1,0,False,3,4.1
EST-0407,Aldemar,María,Cabrera,Guevara,CC,7758238161,aldemar.cabrera33@email.com,+57 315 370 10 52,"Avenida calle 120 # 28-60 Sur, 056562, Olaya, Antioquia",2006-02-05,3.44,3.56;3.54;3.39;3.34;3.52;3.44;3.28,6,7,16,0,81,-0.16,Pago parcial,False,No,6,873000.0,2,Medio tiempo,12,Misma ciudad,Propia,23,Femenino,Ingeniería de Sistemas,Puerto Maldonado,Desertor,1,3,True,1,3.6
EST-0408,Mercedes,Esteban,Rico,Quintero,CC,1113514085,mercedes.rico81@email.com,57 609 488 19 05,"Cr. 43 # 8-85 Este, Local 30, 190814, Puerto Tejada, Cauca",1993-03-31,4.36,4.30;4.33;4.44,3,3,18,8,74,0.11,En mora,True,No,2,541000.0,3,Tiempo completo,50,Ciudad cercana,Propia,19,Masculino,Ingeniería de Sistemas,Moyobamba,Desertor,2,0,False,0,4.2
EST-0409,Gonzalo,Fernando,Buitrago,Osorio,CC,1491450376,gonzalo.buitrago86@email.com,6084918971,"Calle 8ª # 20-85 Sur, 059958, Puerto Berrío, Antioquia",1998-06-13,4.07,4.07,2,1,19,15,91,0.0,Al día,False,Sí,3,1770000.0,2,No trabaja,0,Misma ciudad,Familiar,21,Masculino,Ingeniería de Sistemas,Lima,Activo,0,1,False,2,4.2
EST-0410,Antonio,Paula,Espitia,Gonzáles,CC,9826356008,antonio.espitia82@email.com,57 317 107 49 74,"Cl. 131 # 9-77, Apartamento 79, 735396, Suárez, Tolima",1996-09-10,3.56,3.56,5,1,14,0,54,0.0,En mora,True,Sí,1,692000.0,4,Tiempo completo,30,Misma ciudad,Arrendada,23,Femenino,Ingeniería de Sistemas,Cusco,Desertor,0,0,False,1,4.1
EST-0411,Julián,Alexander,Caicedo,Reyes,CC,5885361698,julián.caicedo86@email.com,573050516783,"Dg. 170 Sur # 42P-62 Sur, Etapa 3 apartamento 2, 200039, Pailitas, Cesar",2006-01-25,3.62,3.57;3.67,3,2,17,6,90,0.1,Al día,True,No,5,2384000.0,6,No trabaja,0,Ciudad cercana,Arrendada,20,Femenino,Ingeniería de Sistemas,Lima,Activo,1,0,False,1,4.1
EST-0412,Rosa,,López,,CC,5207837298,rosa.lópez34@email.com,+57 325 147 53 90,"Diagonal 8ª # 7-5 Sur, Local 7, 250353, Villapinzón, Cundinamarca",1997-12-03,3.9,3.90,4,1,14,1,57,0.0,En mora,False,No,1,1325000.0,5,Tiempo completo,39,Ciudad lejana,Arrendada,23,Femenino,Ingeniería de Sistemas,Cajamarca,Desertor,1,3,True,0,4.0
EST-0413,Ricardo,María,Vásquez,Arenas,CC,5660961088,ricardo.vásquez18@email.com,573271991174,"Cr. 2ª # 7-43 Este, 195793, Timbiquí, Cauca",2002-02-02,3.54,3.65;3.66;3.32,3,3,20,12,80,-0.34,Al día,False,No,2,1631000.0,2,Medio tiempo,16,Ciudad cercana,Arrendada,22,Masculino,Ingeniería de Sistemas,Juliaca,Activo,0,0,False,1,4.6
EST-0414,Iván,,Ojeda,Díaz,CC,3968694859,iván.ojeda33@email.com,307 570 16 15,"Calle 7L # 7-43, Bodega 21, 730941, Ortega, Tolima",2001-12-04,3.73,3.73;3.63;3.75;3.82,2,4,15,11,89,0.07,Al día,False,Sí,3,3849000.0,4,Tiempo completo,32,Ciudad cercana,Propia,22,Masculino,Ingeniería de Sistemas,Lima,Activo,0,3,False,1,4.5
EST-0415,Ángel,Eduardo,Ávila,Sandoval,CC,4105155913,ángel.ávila51@email.com,318 535 29 13,"Cl. 26 # 3O-49 Este, 188849, La Montañita, Caquetá",2000-01-26,4.0,4.06;4.18;3.98;3.91;3.77;4.08,0,6,21,21,80,0.31,Al día,False,Sí,3,915000.0,5,No trabaja,0,Ciudad cercana,Arrendada,16,Masculino,Ingeniería de Sistemas,Lima,Activo,0,0,False,1,4.6
EST-0416,Rubén,Flor,Sánchez,Torres,CC,8609331314,rubén.sánchez12@email.com,+573156769537,"Cr. 98 # 51-54 Este, Apartamento 94, 157179, Guayatá, Boyacá",1999-01-10,3.9,3.90,3,1,13,3,61,0.0,Al día,False,No,1,1413000.0,4,Medio tiempo,14,Misma ciudad,Familiar,19,Masculino,Ingeniería de Sistemas,Cerro de Pasco,Desertor,0,1,True,1,3.7
EST-0417,José,Alonso,Espinosa,Ortega,CC,6929526149,josé.espinosa71@email.com,573051448353,"Av. Díaz # 34-71 Este, 139827, San Estanislao, Bolívar",1999-07-13,3.32,3.43;3.20,6,2,13,0,58,-0.23,En mora,True,No,2,1383000.0,4,No trabaja,0,Misma ciudad,Familiar,17,Femenino,Ingeniería de Sistemas,Tacna,Desertor,0,2,True,2,4.1
EST-0418,Jaime,Edison,Zuluaga,,CC,2928809613,jaime.zuluaga28@email.com,8998748,"Cl. 3ª # 4-33 Sur, Casa 56, 730593, Piedras, Tolima",2002-01-27,3.79,3.88;4.06;3.74;3.70;3.75;3.69;3.68,3,7,20,12,88,-0.01,Al día,False,Sí,4,1069000.0,2,Medio tiempo,30,Ciudad cercana,Familiar,22,Masculino,Ingeniería de Sistemas,Lima,Activo,0,1,False,4,4.5
EST-0419,Pedro,,Cabrera,,CC,1574136741,pedro.cabrera59@email.com,(+57)3031077605,"Cl. 2P # 63-28, 054530, Buriticá, Antioquia",1999-10-12,3.5,3.55;3.46,5,2,15,1,60,-0.09,Pago parcial,True,Sí,2,1518000.0,4,Tiempo completo,50,Ciudad lejana,Arrendada,23,Masculino,Ingeniería de Sistemas,Jaén,Desertor,4,4,True,1,3.1
EST-0420,Dario,Cecilia,Torres,Osorio,CC,9568883062,dario.torres11@email.com,57 328 328 25 10,"Carrera 5U # 70B-7 Sur, Etapa 4 apartamento 858, 257067, Sutatausa, Cundinamarca",2007-11-10,4.25,4.30;4.37;4.08,3,3,13,3,75,-0.29,En mora,False,Sí,2,1947000.0,5,Tiempo completo,32,Ciudad cercana,Familiar,22,Masculino,Ingeniería de Sistemas,Puno,Desertor,0,5,False,0,4.4
EST-0421,Helena,Juan,Henao,Sandoval,CC,5393324968,helena.henao9@email.com,573249444732,"Calle 122 Este # 15Y-8 Sur, Bodega 148, 522239, San Pablo, Nariño",2003-03-05,3.98,3.90;4.40;3.89;4.25;4.12;4.01;3.74;3.84;3.70,2,9,20,12,65,-0.14,Al día,False,No,4,1838000.0,3,Medio tiempo,22,Ciudad cercana,Familiar,16,Masculino,Ingeniería de Sistemas,Lima,Activo,1,0,False,1,3.4
EST-0422,Omar,,Ballesteros,,CC,2373768217,omar.ballesteros14@email.com,+576044870315,"Cr. 6 Sur # 56-9 Este, Torre 4 apartamento 79, 735165, Murillo, Tolima",2005-04-14,3.84,3.90;3.84;3.93;3.69,1,4,19,18,83,-0.24,Al día,False,No,4,1982000.0,3,No trabaja,0,Misma ciudad,Familiar,22,Femenino,Ingeniería de Sistemas,Bagua,Activo,0,1,False,5,3.9
EST-0423,Danna,Gloria,Andrade,Cárdenas,TI,2183266361,danna.andrade46@email.com,573121157075,"Avenida calle 169 # 64-90 Sur, Bodega 9, 661123, La Virginia, Risaralda",2006-12-30,3.32,3.31;3.32,5,2,16,2,61,0.01,En mora,True,Sí,3,1114000.0,3,Medio tiempo,24,Misma ciudad,Propia,21,Masculino,Ingeniería de Sistemas,Iquitos,Desertor,0,2,True,1,3.7
EST-0424,Jesús,Mercedes,Flórez,Ariza,CC,5120490683,jesús.flórez17@email.com,(+57) 609 399 88 59,"Carrera 91 # 2-54 Este, Oficina 41, 739863, Saldaña, Tolima",1997-09-12,4.55,4.64;4.59;4.43,0,3,13,13,89,-0.16,Al día,False,No,4,2662000.0,2,Medio tiempo,24,Misma ciudad,Arrendada,20,Masculino,Ingeniería de Sistemas,Ayacucho,Activo,1,0,False,1,4.4
EST-0425,María,Alexander,Angarita,Marín,CC,7303882813,maría.angarita91@email.com,018009697159,"Cr. 5ª # 3-15 Sur, 250981, Paime, Cundinamarca",1995-05-30,3.38,3.57;3.18,5,2,12,0,83,-0.39,En mora,True,No,1,1356000.0,2,Medio tiempo,20,Misma ciudad,Familiar,25,Masculino,Ingeniería de Sistemas,Chimbote,Desertor,3,1,False,0,3.4
EST-0426,Estela,María,Álvarez,,CC,1431978840,estela.álvarez13@email.com,+57 318 423 58 63,"Cl. 188P # 5-75, Apartamento 891, 684145, Sabana de Torres, Santander",1995-09-08,2.69,2.61;2.77;2.67;2.49;2.93,8,5,16,0,72,0.44,En mora,True,No,2,1145000.0,2,Medio tiempo,19,Ciudad cercana,Familiar,24,Masculino,Ingeniería de Sistemas,Lima,Desertor,0,0,False,1,4.0
EST-0427,Luis,,Muñoz,Rojas,CC,3744118669,luis.muñoz55@email.com,57 608 153 78 47,"Cl. 152W # 43N-7 Este, 865789, Mocoa",1999-11-15,3.39,3.51;3.12;3.55,5,3,17,0,54,0.43,Al día,False,No,3,325000.0,7,Tiempo completo,39,Ciudad lejana,Arrendada,23,Femenino,Ingeniería de Sistemas,Moquegua,Desertor,3,2,True,0,4.0
EST-0428,Carlos,,López,,CC,9532417011,carlos.lópez6@email.com,605 783 77 24,"Cr. 78 # 77-4 Sur, Torre 6 apartamento 48, 151754, Guayatá, Boyacá",1996-05-25,3.15,3.19;3.11,6,2,12,0,65,-0.08,Al día,True,No,5,1750000.0,2,No trabaja,0,Ciudad cercana,Propia,23,Femenino,Ingeniería de Sistemas,Ica,Desertor,3,1,True,1,3.9
EST-0429,Ivonne,Javier,Torres,,CC,9956909503,ivonne.torres77@email.com,+576081197824,"Dg. 38 # 41-15 Sur, 541124, Tibú, Norte de Santander",2003-07-26,3.88,4.03;3.73;3.88,2,3,18,12,84,0.15,Al día,False,Sí,4,2634000.0,3,No trabaja,0,Ciudad lejana,Propia,25,Masculino,Ingeniería de Sistemas,Huaraz,Activo,0,0,False,4,3.0
EST-0430,Andrés,,Gamboa,Reyes,CC,6281529359,andrés.gamboa94@email.com,01 8007 974 898,"Av. Guainía # 18-86 Sur, Casa 40, 528406, San Andrés de Tumaco, Nariño",2003-06-29,4.41,4.41,1,1,15,13,76,0.0,Al día,False,No,2,1678000.0,2,Medio tiempo,27,Ciudad cercana,Propia,17,Femenino,Ingeniería de Sistemas,Piura,Activo,0,1,True,3,4.1
EST-0431,Paola,,López,Vanegas,CC,5644690030,paola.lópez43@email.com,7004797,"Cl. 162 # 3-2, 174310, Pácora, Caldas",2007-07-25,4.15,4.15,2,1,19,14,93,0.0,Al día,False,Sí,1,1450000.0,3,Medio tiempo,24,Misma ciudad,Propia,20,Femenino,Ingeniería de Sistemas,Arequipa,Activo,0,0,False,1,4.6
EST-0432,Sandra,Valentina,Alvarado,Rodríguez,CC,4747823030,sandra.alvarado81@email.com,3216715027,"Av. Villanueva # 6-88 Sur, 133970, Zambrano, Bolívar",1999-12-22,3.16,3.14;3.35;3.22;2.93,6,4,12,0,48,-0.29,Al día,False,No,3,1731000.0,4,Medio tiempo,18,Misma ciudad,Familiar,16,Masculino,Ingeniería de Sistemas,Nazca,Desertor,1,1,True,1,3.8
EST-0433,Manuel,María,Mora,Castrillón,CC,1182507718,manuel.mora81@email.com,(+57)6028325648,"Tr. 34 # 2-3 Este, 859452, Recetor, Casanare",2002-11-14,4.01,4.40;4.19;3.95;4.09;3.70;3.72,2,6,15,9,85,0.02,Al día,False,Sí,4,1363000.0,4,Medio tiempo,21,Misma ciudad,Propia,20,Femenino,Ingeniería de Sistemas,Sullana,Activo,0,0,False,3,4.5
EST-0434,Eduardo,Adriana,Salgado,Burgos,CC,5606459398,eduardo.salgado78@email.com,(+57)3124143965,"Cl. 84 # 1M-36 Este, 685217, Palmar, Santander",2007-06-02,3.9,3.87;4.04;3.93;4.09;3.83;3.67,2,6,16,9,91,-0.16,Al día,False,No,3,11248000.0,5,Medio tiempo,19,Ciudad lejana,Propia,16,Masculino,Ingeniería de Sistemas,Lima,Activo,0,0,False,1,3.9
EST-0435,Andrea,,Galvis,Ángel,CC,7853148866,andrea.galvis14@email.com,(+57)3035199937,"Cr. 79Y # 56-81, Etapa 3 apartamento 9, 503893, Puerto Rico, Meta",2003-12-05,3.61,3.77;3.68;3.75;3.72;3.61;3.73;3.42;3.61;3.49;3.36,3,10,24,13,77,-0.13,Al día,False,No,2,2414000.0,2,No trabaja,0,Misma ciudad,Familiar,21,Femenino,Ingeniería de Sistemas,Abancay,Activo,1,0,True,3,3.7
EST-0436,Enrique,Enrique,Forero,Villa,CC,7077105891,enrique.forero26@email.com,+57 329 985 60 89,"Cl. 19K # 3-8 Este, Casa 4, 193519, Inzá, Cauca",2003-12-16,3.95,4.04;3.86,1,2,18,16,80,-0.18,En mora,False,Sí,1,2512000.0,3,Tiempo completo,38,Misma ciudad,Familiar,20,Femenino,Ingeniería de Sistemas,Andahuaylas,Activo,0,0,False,3,3.7
EST-0437,Albeiro,,Pedraza,,CC,3665598697,albeiro.pedraza11@email.com,018006103698,"Avenida La Merced # 28-7, 682941, Santa Helena del Opón, Santander",1994-07-15,3.44,3.65;3.56;3.58;3.50;3.43;3.27;3.57;3.11;3.28,5,9,21,7,56,0.17,Al día,False,No,3,1145000.0,9,No trabaja,0,Ciudad cercana,Familiar,28,Femenino,Ingeniería de Sistemas,Puerto Maldonado,Desertor,0,1,False,1,3.1
EST-0438,Pablo,,Pérez,Rueda,CC,5714907773,pablo.pérez61@email.com,314 923 54 23,"Cl. 26 # 6-98 Sur, 055085, Heliconia, Antioquia",1998-02-11,3.26,3.26,5,1,13,0,67,0.0,En mora,False,Sí,2,2191000.0,1,Medio tiempo,30,Misma ciudad,Familiar,22,Masculino,Ingeniería de Sistemas,Moyobamba,Desertor,1,0,True,1,3.5
EST-0439,María,,Ballesteros,García,CC,9360294575,maría.ballesteros72@email.com,573003879410,"Cl. 96R # 20-30 Este, 477458, Sitionuevo, Magdalena",2003-02-28,3.48,3.72;3.31;3.57;3.30;3.59;3.42,3,6,17,10,91,-0.17,Al día,False,No,2,1664000.0,3,No trabaja,0,Misma ciudad,Propia,16,Femenino,Ingeniería de Sistemas,Trujillo,Activo,1,0,False,2,3.5
EST-0440,Miguel,Milton,Santos,,CC,1796669847,miguel.santos85@email.com,+573068760747,"Calle 2ª # 3-6, 253083, Chaguaní, Cundinamarca",2000-09-02,3.46,3.64;3.29,5,2,16,2,63,-0.35,En mora,False,No,3,787000.0,5,Medio tiempo,22,Ciudad lejana,Arrendada,32,Masculino,Ingeniería de Sistemas,Cusco,Desertor,2,2,True,1,3.4
EST-0441,Fernando,Cecilia,Gómez,López,CC,5972444270,fernando.gómez66@email.com,57 317 496 43 44,"Cr. 8N # 72V-82 Sur, Torre 8 apartamento 76, 544771, Bochalema, Norte de Santander",2002-09-04,3.28,3.32;3.48;3.36;3.34;3.43;3.05;3.14;3.16,3,8,23,16,94,0.02,Al día,False,No,1,2009000.0,4,Medio tiempo,22,Misma ciudad,Familiar,26,Otro,Ingeniería de Sistemas,Lima,Activo,0,1,False,3,4.3
EST-0442,Mery,Andrés,Moreno,González,CC,8449398024,mery.moreno88@email.com,57 304 730 96 87,"Cl. 66 # 89O-10 Este, Etapa 4 apartamento 8, 479225, Sabanas de San Ángel, Magdalena",2003-08-09,4.4,4.31;4.49,0,2,15,14,74,0.18,Al día,False,Sí,1,3987000.0,6,Medio tiempo,14,Misma ciudad,Arrendada,21,Femenino,Ingeniería de Sistemas,Lima,Activo,0,0,False,1,4.1
EST-0443,William,Enrique,Murcia,,CC,7459561110,william.murcia61@email.com,57 328 142 11 46,"Cr. 16 # 46J-8, Bodega 12, 151905, Firavitoba, Boyacá",2006-11-16,4.05,4.36;3.99;4.07;4.25;4.12;3.66;4.20;3.99;3.79,2,9,19,12,78,-0.2,Al día,False,No,1,5303000.0,3,Tiempo completo,32,Misma ciudad,Familiar,18,Masculino,Ingeniería de Sistemas,Juliaca,Activo,0,0,False,1,4.3
EST-0444,Paola,Harvey,Morales,Giraldo,CC,5752267411,paola.morales74@email.com,3000630814,"Transversal 169F # 86-5, Etapa 5 apartamento 279, 082863, Santo Tomás, Atlántico",2004-01-19,4.37,4.78;4.54;4.50;4.50;4.15;4.38;4.12;4.23;4.10,1,9,21,16,87,-0.13,Al día,False,No,1,2215000.0,1,Medio tiempo,23,Misma ciudad,Propia,21,Masculino,Ingeniería de Sistemas,Pucallpa,Activo,0,0,False,1,4.5
EST-0445,Patricia,,Rivas,Pineda,CC,9035815611,patricia.rivas39@email.com,8440650,"Calle 5 Sur # 7-6, Apto. 40, 525435, Potosí, Nariño",2003-09-23,3.62,3.62,5,1,14,0,69,0.0,Al día,False,No,3,785000.0,7,No trabaja,0,Ciudad lejana,Propia,16,Femenino,Ingeniería de Sistemas,Tumbes,Desertor,0,2,False,1,3.8
EST-0446,Ana,Juana,Muñoz,,CC,7155018560,ana.muñoz76@email.com,9788390,"Av. calle 1ª # 3-39 Sur, 152042, Villa de Leyva, Boyacá",2007-05-12,3.91,3.97;3.69;3.94;4.07;3.86;3.98;3.83;3.95,2,8,21,15,100,0.12,Al día,False,No,5,798000.0,4,No trabaja,0,Misma ciudad,Arrendada,18,Masculino,Ingeniería de Sistemas,Lima,Activo,1,0,True,3,4.3
EST-0447,Ofelia,Yeny,Rincón,Morales,CC,8958071989,ofelia.rincón51@email.com,3020745143,"Calle 143 # 5-33, Apto. 66, 520498, Aldana, Nariño",2002-04-11,3.94,3.99;4.04;3.80,2,3,19,15,94,-0.24,Pago parcial,False,No,6,1584000.0,3,Medio tiempo,21,Misma ciudad,Arrendada,17,Femenino,Ingeniería de Sistemas,Lima,Activo,0,2,False,1,4.3
EST-0448,Patricia,Deicy,Castillo,,CC,9744563438,patricia.castillo86@email.com,5667921,"Transversal 5 Este # 95G-63 Sur, 478848, Algarrobo, Magdalena",2002-05-16,3.96,4.28;4.33;4.11;3.96;3.89;3.93;3.78;3.78;3.54,2,9,18,13,86,-0.24,Pago parcial,False,No,2,1164000.0,2,No trabaja,0,Ciudad lejana,Propia,19,Masculino,Ingeniería de Sistemas,Tarapoto,Activo,0,0,False,3,4.1
EST-0449,Marco,,Zapata,Vergara,CC,9957693272,marco.zapata92@email.com,(+57)6034788904,"Cl. 120W # 29-67 Sur, Bodega 60, 769694, El Águila, Valle del Cauca",2007-08-17,3.34,3.27;3.24;3.52,4,3,12,2,92,0.28,En mora,False,Sí,2,993000.0,5,No trabaja,0,Ciudad lejana,Arrendada,23,Masculino,Ingeniería de Sistemas,Jaén,Desertor,1,3,True,1,3.5
EST-0450,Carlos,,Vergara,,CC,6078473852,carlos.vergara17@email.com,6021829622,"Tr. 19S # 11-6 Este, Torre 9 apartamento 2, 158061, Otanche, Boyacá",2004-08-06,3.61,3.66;3.63;3.70;3.79;3.53;3.34,3,6,18,9,67,-0.19,Al día,False,Sí,2,1874000.0,3,Medio tiempo,26,Ciudad cercana,Propia,19,Femenino,Ingeniería de Sistemas,Lima,Activo,0,0,False,0,4.4
EST-0451,Laura,Amalia,Tovar,,CC,9543815485,laura.tovar41@email.com,+57 302 984 13 17,"Carrera 91L # 2-44 Sur, Bodega 70, 737998, San Luis, Tolima",1997-08-11,2.94,3.05;3.23;2.95;2.61;2.87;2.91,6,6,19,1,59,0.04,En mora,True,No,3,863000.0,2,Medio tiempo,25,Ciudad cercana,Familiar,17,Femenino,Ingeniería de Sistemas,Huánuco,Desertor,3,2,False,1,4.2
EST-0452,Robinson,,Álvarez,,CC,1902151235,robinson.álvarez43@email.com,018005237783,"Cl. 5J # 4-4, Torre 4 apartamento 7, 852360, Sabanalarga, Casanare",1999-08-15,3.77,3.99;3.82;3.89;3.73;3.82;3.71;3.55;3.79;3.66,2,9,21,16,76,-0.13,En mora,False,No,3,2000000.0,2,No trabaja,0,Ciudad cercana,Propia,17,Femenino,Ingeniería de Sistemas,Bagua,Activo,0,1,False,3,4.0
EST-0453,José,Libia,López,,CC,2223789147,josé.lópez91@email.com,3069237771,"Avenida El Peñón # 5-94, Etapa 1 apartamento 996, 273088, Carmen del Darién, Chocó",2000-04-11,3.67,3.67,2,1,16,8,91,0.0,Al día,False,No,2,2044000.0,1,No trabaja,0,Misma ciudad,Propia,28,Masculino,Ingeniería de Sistemas,Lima,Activo,0,0,False,1,3.9
EST-0454,Carlos,Fabián,Londoño,Galindo,CC,7443079807,carlos.londoño44@email.com,+57 323 897 23 55,"Carrera 70 # 54-12 Sur, 059236, San Pedro de Urabá, Antioquia",2000-10-31,4.39,4.39;4.40,3,2,18,7,39,0.01,Pago parcial,True,No,1,747000.0,4,No trabaja,0,Misma ciudad,Propia,18,Femenino,Ingeniería de Sistemas,Ayacucho,Desertor,1,1,True,1,3.2
EST-0455,David,Javier,Muñoz,Vega,CC,7800210066,david.muñoz21@email.com,+573285860627,"Av. calle 148 # 7-4, 684481, Coromoro, Santander",2006-07-31,4.09,4.19;4.16;4.27;4.07;4.09;3.78,1,6,22,18,86,-0.31,Al día,False,No,3,2532000.0,4,Tiempo completo,48,Misma ciudad,Propia,16,Femenino,Ingeniería de Sistemas,Lima,Activo,1,2,False,1,3.8
EST-0456,Helena,,Sandoval,Barreto,CC,6193287477,helena.sandoval68@email.com,(+57)3014886870,"Cl. 26 # 51L-8 Sur, 734398, Carmen de Apicalá, Tolima",2006-08-18,3.58,3.72;3.66;3.52;3.44,3,4,17,8,88,-0.08,Al día,False,No,1,1580000.0,3,Medio tiempo,19,Misma ciudad,Arrendada,19,Femenino,Ingeniería de Sistemas,Lima,Activo,0,2,False,2,4.9
EST-0457,Kevin,Orlando,Zambrano,Osorio,CC,7138474735,kevin.zambrano79@email.com,8037105,"Av. calle 8ª # 71-60 Este, 256806, Gachetá, Cundinamarca",1999-10-14,3.27,3.26;3.28;3.28,6,3,17,0,65,0.0,Al día,True,No,1,768000.0,6,Tiempo completo,31,Ciudad lejana,Arrendada,22,Femenino,Ingeniería de Sistemas,Moquegua,Desertor,1,4,False,1,3.9
EST-0458,Claudia,,Sanabria,Quintero,CC,3985390145,claudia.sanabria7@email.com,327 865 42 32,"Carrera 21 # 8-9 Este, Bodega 7, 472658, Santa Ana, Magdalena",2000-06-15,3.26,3.08;3.34;3.36,6,3,15,0,57,0.02,Al día,False,No,2,959000.0,3,No trabaja,0,Ciudad lejana,Familiar,25,Masculino,Ingeniería de Sistemas,Ica,Desertor,0,1,True,1,4.0
EST-0459,Juan,Andrés,Bohórquez,Moreno,CC,5604219482,juan.bohórquez59@email.com,57 314 780 72 88,"Carrera 83 # 93-34 Este, 735817, Casabianca, Tolima",1999-10-07,4.06,4.04;4.24;3.90,1,3,21,18,94,-0.34,En mora,False,No,2,2503000.0,3,Medio tiempo,17,Misma ciudad,Propia,21,Femenino,Ingeniería de Sistemas,Lima,Activo,0,0,False,3,4.2
EST-0460,Julieth,,García,,CC,1071386366,julieth.garcía44@email.com,(+57) 309 941 26 93,"Carrera 2 Bis E # 10H-9, 159631, Sutatenza, Boyacá",1999-09-25,3.86,4.11;3.62;3.85;3.93;3.83;3.87;3.96;3.69,1,8,21,16,83,-0.27,Al día,False,No,4,665000.0,4,Tiempo completo,42,Ciudad cercana,Propia,22,Masculino,Ingeniería de Sistemas,Lima,Activo,0,0,False,2,3.2
EST-0461,María,,Pineda,Arango,CC,6145649803,maría.pineda78@email.com,+573144923261,"Cl. 27 Bis # 94G-81 Este, 912233, Puerto Alegría, Amazonas",2003-10-31,4.49,4.34;4.56;4.57;4.41;4.61;4.54;4.37,0,7,19,19,84,-0.17,Al día,False,Sí,2,1654000.0,4,No trabaja,0,Misma ciudad,Arrendada,16,Masculino,Ingeniería de Sistemas,Arequipa,Activo,0,1,False,3,4.5
EST-0462,Lucía,John,Garcés,Monroy,CC,1039517299,lucía.garcés84@email.com,(+57)3094497164,"Cr. 26 # 19-68 Este, 478338, Concordia, Magdalena",2005-11-13,3.26,3.48;3.51;3.16;3.14;2.98;3.32,6,6,17,0,83,0.34,Pago parcial,False,No,2,671000.0,2,Medio tiempo,14,Ciudad cercana,Propia,27,Masculino,Ingeniería de Sistemas,Nazca,Desertor,2,2,False,0,3.8
EST-0463,Diego,Inés,Castañeda,Ortiz,CC,2131839312,diego.castañeda34@email.com,(+57)3021994407,"Cl. 44V # 5-3 Sur, Apto. 78, 251088, Chipaque, Cundinamarca",2004-01-02,4.02,4.18;3.85;3.87;3.93;4.28,2,5,22,15,97,0.35,Al día,False,No,3,1420000.0,3,Medio tiempo,21,Ciudad lejana,Propia,19,Femenino,Ingeniería de Sistemas,Sullana,Activo,0,0,False,2,3.8
EST-0464,Marco,,Guerrero,Forero,CC,6345716670,marco.guerrero73@email.com,3114851599,"Av. carrera 139 # 8-7, Apartamento 38, 544266, Durania, Norte de Santander",2003-01-19,3.71,3.86;3.43;3.84,2,3,12,8,92,0.41,Al día,False,Sí,2,1869000.0,2,Tiempo completo,33,Misma ciudad,Arrendada,20,Femenino,Ingeniería de Sistemas,Huancayo,Activo,0,1,False,1,4.5
EST-0465,Martha,Cristina,Jiménez,Gutiérrez,CC,6866282629,martha.jiménez13@email.com,(+57) 602 846 78 76,"Cr. 7ª # 81V-25 Este, 686543, Guapotá, Santander",2001-12-28,3.53,3.59;3.47,5,2,14,0,62,-0.12,Pago parcial,False,No,3,2367000.0,5,Tiempo completo,41,Ciudad cercana,Arrendada,17,Masculino,Ingeniería de Sistemas,Abancay,Desertor,1,3,True,1,3.2
EST-0466,Mario,,Gutiérrez,Torres,CC,5800018950,mario.gutiérrez83@email.com,+573036247644,"Cr. 28 # 8E-42, Apartamento 489, 153907, Chíquiza, Boyacá",2004-10-08,3.58,3.79;3.71;3.41;3.40,3,4,22,12,68,-0.01,Al día,False,No,3,1948000.0,1,Medio tiempo,21,Misma ciudad,Propia,16,Masculino,Ingeniería de Sistemas,Andahuaylas,Activo,0,0,False,2,4.2
EST-0467,David,Andrés,Ariza,,CC,1033596942,david.ariza56@email.com,(+57)3177948519,"Dg. 5ª # 70-5 Sur, Apto. 89, 158213, Aquitania, Boyacá",2002-11-17,4.21,4.21,1,1,15,13,89,0.0,Pago parcial,False,Sí,1,3011000.0,3,Tiempo completo,39,Ciudad cercana,Propia,21,Masculino,Ingeniería de Sistemas,Lima,Activo,1,0,False,1,3.7
EST-0468,Andrés,Ernesto,Sánchez,Hurtado,CC,1506016967,andrés.sánchez84@email.com,01 8001 057 346,"Av. Aura Díaz Villamizar # 4Z-1, 500769, Barranca de Upía, Meta",2004-03-09,3.55,3.57;3.52;3.54;3.57,5,4,17,0,52,0.03,Al día,True,Sí,1,1484000.0,1,Tiempo completo,40,Ciudad lejana,Familiar,25,Masculino,Ingeniería de Sistemas,Moyobamba,Desertor,1,3,False,0,4.9
EST-0469,Fabián,Alberto,Sierra,,CC,2490277349,fabián.sierra49@email.com,3039423389,"Cr. 5ª # 62-1 Sur, Apto. 95, 635422, La Tebaida, Quindío",2004-11-21,3.71,3.73;3.76;3.73;3.61,2,4,18,11,87,-0.12,Al día,True,No,4,2450000.0,4,Tiempo completo,41,Ciudad cercana,Arrendada,18,Masculino,Ingeniería de Sistemas,Trujillo,Activo,1,0,False,1,4.4
EST-0470,Socorro,Jesús,Palacio,Castro,CC,9012478843,socorro.palacio55@email.com,658 91 78,"Cr. 157 # 39-4, 191236, Piamonte, Cauca",2003-06-16,4.47,4.54;4.60;4.26,0,3,16,16,79,-0.34,Al día,False,No,1,1469000.0,4,No trabaja,0,Ciudad cercana,Propia,19,Masculino,Ingeniería de Sistemas,Cusco,Activo,1,0,False,5,4.3
EST-0471,Andrés,,Arévalo,,CC,9769102361,andrés.arévalo88@email.com,3079246045,"Carrera 5 Este # 96-4 Este, Apto. 338, 856435, Yopal",2004-11-07,3.53,3.74;3.72;3.90;3.37;3.41;3.26;3.34,3,7,16,9,78,0.08,Al día,False,No,4,4884000.0,2,Medio tiempo,21,Ciudad cercana,Familiar,19,Masculino,Ingeniería de Sistemas,Barranca,Activo,1,0,False,2,4.6
EST-0472,Liliana,,Ruiz,,CC,6691584216,liliana.ruiz98@email.com,576093435277,"Diagonal 141L Bis B # 3-2 Sur, 130655, Hatillo de Loba, Bolívar",2000-11-27,3.37,3.37,6,1,14,0,50,0.0,Pago parcial,True,No,3,1337000.0,6,Tiempo completo,43,Misma ciudad,Familiar,27,Femenino,Ingeniería de Sistemas,Cajamarca,Desertor,2,0,False,0,4.0
EST-0473,Eduardo,,Vanegas,Portilla,CC,2586411745,eduardo.vanegas64@email.com,472 29 72,"Tr. 102V # 7-9, 178661, Belalcázar, Caldas",2002-11-11,4.1,4.12;4.07,2,2,16,10,85,-0.05,Al día,False,Sí,3,1385000.0,2,Medio tiempo,17,Ciudad lejana,Arrendada,27,Femenino,Ingeniería de Sistemas,Lima,Activo,1,1,False,1,3.6
EST-0474,Marlén,Patricia,Gómez,Suárez,CC,4357529889,marlén.gómez52@email.com,(+57) 603 372 55 69,"Cr. 121 # 8-74, Etapa 9 apartamento 42, 178975, Norcasia, Caldas",2006-09-08,4.25,4.25,0,1,16,14,70,0.0,Al día,False,No,4,950000.0,3,Tiempo completo,50,Misma ciudad,Arrendada,17,Femenino,Ingeniería de Sistemas,Pucallpa,Activo,0,0,False,1,4.2
EST-0475,María,Enrique,Cárdenas,Meneses,CC,6020714309,maría.cárdenas17@email.com,(+57) 317 595 32 13,"Calle 4G # 5-4, 686190, Piedecuesta, Santander",2002-10-13,3.24,3.31;3.05;3.33;3.29;3.22,5,5,16,1,56,-0.07,Al día,True,No,2,1624000.0,2,Tiempo completo,34,Ciudad cercana,Arrendada,18,Masculino,Ingeniería de Sistemas,Tumbes,Desertor,1,1,True,0,3.8
EST-0476,Patricia,Jaime,Mosquera,,CC,5323642638,patricia.mosquera40@email.com,+57 609 422 39 52,"Calle 151 # 42-8 Este, Torre 5 apartamento 5, 256841, Quetame, Cundinamarca",1995-11-28,3.89,4.16;3.92;4.07;3.79;3.77;3.74;3.78,4,7,18,6,54,0.04,Pago parcial,True,No,5,1108000.0,5,No trabaja,0,Misma ciudad,Arrendada,18,Masculino,Ingeniería de Sistemas,Cerro de Pasco,Desertor,0,2,False,0,2.9
EST-0477,Camilo,,Gómez,Ospina,CC,9498847492,camilo.gómez32@email.com,+573030599024,"Avenida Paola Rico Silva # 43-8, 254751, El Peñón, Cundinamarca",2006-01-07,3.51,3.49;3.49;3.55,5,3,15,1,81,0.06,Pago parcial,True,No,2,663000.0,3,Medio tiempo,24,Misma ciudad,Arrendada,34,Masculino,Ingeniería de Sistemas,Tacna,Desertor,0,6,True,0,4.0
EST-0478,Alba,Giovanny,Aguilar,Murillo,CC,8400254706,alba.aguilar70@email.com,3262735310,"Av. Luis Castro # 7-9 Sur, Local 42, 542550, Teorama, Norte de Santander",2007-12-12,4.2,4.44;4.08;4.09,0,3,16,16,91,0.01,Al día,False,No,2,1992000.0,2,No trabaja,0,Ciudad lejana,Familiar,19,Femenino,Ingeniería de Sistemas,Lima,Activo,1,1,True,0,3.7
EST-0479,María,Sandra,Herrera,,CC,8074197793,maría.herrera93@email.com,3227525865,"Carrera 4G # 3E-24, 052211, Remedios, Antioquia",2008-01-23,3.42,3.53;3.23;3.50,5,3,15,0,86,0.27,Pago parcial,True,No,1,1375000.0,4,No trabaja,0,Ciudad cercana,Familiar,29,Femenino,Ingeniería de Sistemas,Jaén,Desertor,1,2,True,3,3.6
EST-0480,Yeison,Leidy,Hernández,,CC,2492241614,yeison.hernández18@email.com,+573010570457,"Carrera 25 # 3-65, Bodega 244, 503580, Uribe, Meta",2002-08-15,4.07,4.09;4.11;4.12;3.97,2,4,19,12,97,-0.15,Al día,False,No,5,1328000.0,2,Medio tiempo,21,Misma ciudad,Propia,16,Femenino,Ingeniería de Sistemas,Puno,Activo,0,1,False,5,4.2
EST-0481,Héctor,,Pérez,Rivas,CC,5101284165,héctor.pérez27@email.com,+57 604 797 34 91,"Avenida carrera 8ª # 6-65 Este, Oficina 4, 477701, Algarrobo, Magdalena",2001-02-20,2.9,2.97;2.97;3.03;2.78;2.91;2.76,6,6,13,0,76,-0.15,En mora,True,Sí,3,1512000.0,5,Medio tiempo,21,Misma ciudad,Arrendada,28,Masculino,Ingeniería de Sistemas,Huánuco,Desertor,0,4,False,1,3.5
EST-0482,Sergio,Giovanny,Tamayo,Acosta,CC,1288683480,sergio.tamayo39@email.com,018005108889,"Cl. 61 # 3-51 Sur, Etapa 8 apartamento 9, 174129, Palestina, Caldas",2003-12-13,3.99,4.32;4.21;4.10;3.81;4.16;3.93;3.74;3.65,2,8,17,11,75,-0.09,Al día,False,No,2,430000.0,1,No trabaja,0,Ciudad lejana,Familiar,16,Femenino,Ingeniería de Sistemas,Lima,Activo,0,0,False,0,4.8
EST-0483,Darwin,María,Morales,,CC,6911834069,darwin.morales59@email.com,01 8006 415 059,"Transversal 20 # 98-8 Sur, Bodega 702, 735857, Lérida, Tolima",1996-12-27,3.3,3.30,5,1,13,0,84,0.0,Al día,True,No,1,1140000.0,5,Tiempo completo,42,Ciudad cercana,Arrendada,27,Otro,Ingeniería de Sistemas,Iquitos,Desertor,0,4,True,1,3.5
EST-0484,Inés,Jair,Vásquez,Betancur,CC,9720892894,inés.vásquez97@email.com,3081346166,"Carrera 8ª # 8-1 Este, Etapa 8 apartamento 628, 734682, San Antonio, Tolima",2008-07-09,4.15,4.10;4.18;4.18,1,3,17,14,96,0.0,Al día,False,No,4,2926000.0,3,Medio tiempo,18,Ciudad cercana,Familiar,21,Masculino,Ingeniería de Sistemas,Lima,Activo,0,0,False,0,4.1
EST-0485,Yuri,Myriam,García,Ángel,CC,9889326748,yuri.garcía47@email.com,+573186182956,"Transversal 105I # 6-3 Este, Bodega 77, 507353, Castilla la Nueva, Meta",2002-06-27,3.84,3.71;4.07;3.79;3.77,2,4,19,15,80,-0.02,Al día,False,No,3,852000.0,2,No trabaja,0,Misma ciudad,Arrendada,20,Masculino,Ingeniería de Sistemas,Chimbote,Activo,1,0,False,3,4.3
EST-0486,Rocío,,Loaiza,,CC,1281180896,rocío.loaiza83@email.com,+573034421906,"Carrera 167F # 57-2 Sur, Apto. 526, 156845, Almeida, Boyacá",1998-10-13,3.9,3.98;3.82;3.89,2,3,17,13,95,0.07,Al día,False,No,2,2920000.0,4,No trabaja,0,Misma ciudad,Arrendada,16,Masculino,Ingeniería de Sistemas,Chiclayo,Activo,1,1,False,1,4.6
EST-0487,Luz,,Rojas,Castillo,TI,3880699937,luz.rojas18@email.com,9057092,"Calle 39X Este # 4-60, Casa 8, 441336, Hatonuevo, La Guajira",2006-11-04,3.64,3.77;3.84;3.85;3.89;3.56;3.70;3.60;3.26;3.75;3.20,3,10,22,12,88,-0.55,Al día,False,No,2,2643000.0,3,No trabaja,0,Misma ciudad,Familiar,20,Femenino,Ingeniería de Sistemas,Lima,Activo,0,1,False,1,4.1
EST-0488,Verónica,Cecilia,Rueda,,CC,2175215928,verónica.rueda18@email.com,319 643 24 16,"Av. calle 2ª # 48-4 Sur, Casa 3, 522144, Ricaurte, Nariño",2003-02-15,3.57,3.51;3.69;3.56;3.50;3.61,5,5,15,2,65,0.11,En mora,True,No,2,3247000.0,4,Medio tiempo,14,Ciudad lejana,Arrendada,22,Masculino,Ingeniería de Sistemas,Ica,Desertor,0,1,True,1,3.9
EST-0489,Carlos,Cristina,Rojas,,CC,2247846758,carlos.rojas38@email.com,+576037118099,"Carrera 88 # 64-4 Este, Apartamento 19, 769336, Andalucía, Valle del Cauca",2006-04-27,3.77,3.88;3.77;3.89;3.81;3.48,1,5,19,14,77,-0.33,Al día,True,No,1,1959000.0,2,No trabaja,0,Ciudad cercana,Propia,19,Femenino,Ingeniería de Sistemas,Lima,Activo,0,0,False,2,3.9
EST-0490,Tania,Hugo,Álvarez,,CC,7140907321,tania.álvarez79@email.com,(+57) 602 469 13 28,"Cl. 7L Bis M # 67-52 Este, Apto. 98, 548039, El Carmen, Norte de Santander",2005-09-17,4.0,4.04;3.97,2,2,18,11,76,-0.07,Al día,False,No,1,1411000.0,4,No trabaja,0,Misma ciudad,Propia,22,Femenino,Ingeniería de Sistemas,Piura,Activo,0,2,False,1,4.3
EST-0491,Laura,Enrique,Angulo,González,CC,4764496946,laura.angulo26@email.com,(+57)3034165983,"Cr. 74 # 6-2 Este, 157915, La Uvita, Boyacá",2003-12-26,3.4,3.78;3.48;3.71;3.43;3.29;3.33;2.95;3.27,3,8,22,11,66,0.32,Al día,False,No,3,1187000.0,4,Tiempo completo,39,Misma ciudad,Familiar,23,Otro,Ingeniería de Sistemas,Lima,Activo,0,1,False,2,4.6
EST-0492,Milena,,Moreno,,CC,8033578699,milena.moreno55@email.com,576062673701,"Carrera 6ª # 80-17, Local 673, 191036, Piamonte, Cauca",1998-12-24,4.2,4.43;4.19;4.30;3.88,1,4,16,15,74,-0.42,Al día,False,Sí,3,1364000.0,3,No trabaja,0,Ciudad cercana,Arrendada,21,Masculino,Ingeniería de Sistemas,Lima,Activo,2,1,False,5,4.3
EST-0493,Julián,David,Velásquez,Nieto,CC,7883497312,julián.velásquez76@email.com,018008785558,"Av. calle 84 # 7-87, 528799, Guaitarilla, Nariño",1993-09-24,3.31,3.31,5,1,9,0,79,0.0,Al día,True,No,2,1151000.0,2,No trabaja,0,Ciudad cercana,Propia,21,Otro,Ingeniería de Sistemas,Sullana,Desertor,0,1,True,0,3.9
EST-0494,Eduardo,,Henao,Rosero,CC,5134111123,eduardo.henao45@email.com,+573032055489,"Diagonal 95 # 20-6, Bodega 87, 949935, Cacahual, Guainía",2003-03-17,3.04,3.04,6,1,16,0,66,0.0,En mora,True,No,2,1593000.0,7,Tiempo completo,39,Ciudad lejana,Arrendada,24,Femenino,Ingeniería de Sistemas,Huancayo,Desertor,1,4,True,1,3.7
EST-0495,Daniel,Nicolás,Morales,Méndez,CC,2235373368,daniel.morales36@email.com,018006852772,"Carrera 63V Este # 5-9 Este, 410082, Neiva",1998-04-04,3.79,3.79,2,1,16,8,81,0.0,Al día,False,Sí,1,2295000.0,3,No trabaja,0,Misma ciudad,Familiar,23,Masculino,Ingeniería de Sistemas,Abancay,Activo,0,3,False,0,4.4
EST-0496,Juan,Daniel,Osorio,,CC,1971899250,juan.osorio97@email.com,(+57) 609 535 19 10,"Carrera 51 # 1-9, 419509, Rivera, Huila",2001-05-31,3.46,3.35;3.58,5,2,14,0,69,0.23,En mora,True,No,3,879000.0,2,Medio tiempo,13,Ciudad lejana,Arrendada,19,Masculino,Ingeniería de Sistemas,Andahuaylas,Desertor,0,3,True,1,3.4
EST-0497,Diana,Enrique,Pedraza,Vásquez,CC,6926176729,diana.pedraza0@email.com,6075573052,"Tr. 5ª # 8-7 Sur, 157095, Puerto Boyacá, Boyacá",1994-06-07,3.72,3.67;3.90;3.60,4,3,18,6,62,-0.3,En mora,False,No,3,2087000.0,6,No trabaja,0,Misma ciudad,Arrendada,29,Otro,Ingeniería de Sistemas,Puerto Maldonado,Desertor,0,1,True,1,3.9
EST-0498,Ana,,Guevara,,CC,8197093230,ana.guevara47@email.com,+57 319 760 51 48,"Cl. 115 # 46O-7 Sur, Torre 1 apartamento 41, 762392, Dagua, Valle del Cauca",2004-05-31,4.03,4.07;3.97;4.04,1,3,16,12,86,0.07,Pago parcial,False,No,3,1566000.0,3,Medio tiempo,22,Misma ciudad,Propia,23,Masculino,Ingeniería de Sistemas,Lima,Activo,1,0,False,2,3.8
EST-0499,Clemencia,,Herrera,Rodríguez,CC,2870624272,clemencia.herrera24@email.com,+573242886843,"Cr. 2ª # 89-52 Este, 440480, Hatonuevo, La Guajira",2003-07-06,4.41,4.41,0,1,15,13,71,0.0,En mora,False,Sí,3,2475000.0,4,Medio tiempo,24,Ciudad cercana,Propia,22,Femenino,Ingeniería de Sistemas,Trujillo,Activo,0,0,False,2,3.9
EST-0500,Andrés,Josefina,Perdomo,Ocampo,CC,2005342477,andrés.perdomo92@email.com,(+57)6055791248,"Cr. 1ª # 32-19, Local 9, 159310, Labranzagrande, Boyacá",2000-07-19,3.45,3.66;3.34;3.49;3.52;3.35;3.50;3.64;3.10,5,8,15,0,75,-0.54,Al día,True,No,1,304000.0,4,Medio tiempo,18,Ciudad cercana,Propia,23,Masculino,Ingeniería de Sistemas,Cusco,Desertor,0,4,False,1,3.6
